[
{
  "model": "gateagora.empresa",
  "pk": 1,
  "fields": {
    "nome": "Haras do Paredão",
    "logo": "",
    "cnpj": "00.000.000/0000-00",
    "cidade": "Portão/RS",
    "slug": "haras-do-paredao"
  }
},
{
  "model": "gateagora.perfil",
  "pk": 1,
  "fields": {
    "user": [
      "Admin"
    ],
    "empresa": 1,
    "cargo": "Gestor"
  }
},
{
  "model": "gateagora.perfil",
  "pk": 2,
  "fields": {
    "user": [
      "admin4"
    ],
    "empresa": 1,
    "cargo": "Gestor"
  }
},
{
  "model": "gateagora.perfil",
  "pk": 3,
  "fields": {
    "user": [
      "alessandro_admin"
    ],
    "empresa": 1,
    "cargo": "Gestor"
  }
},
{
  "model": "gateagora.perfil",
  "pk": 4,
  "fields": {
    "user": [
      "gestor_hipica1"
    ],
    "empresa": 1,
    "cargo": "Gestor"
  }
},
{
  "model": "gateagora.perfil",
  "pk": 5,
  "fields": {
    "user": [
      "professor_hipica1"
    ],
    "empresa": 1,
    "cargo": "Professor"
  }
},
{
  "model": "gateagora.aluno",
  "pk": 13,
  "fields": {
    "empresa": 1,
    "nome": "André Cardoso",
    "telefone": "5551991387872",
    "foto": "",
    "ativo": true,
    "valor_aula": "150.00"
  }
},
{
  "model": "gateagora.aluno",
  "pk": 6,
  "fields": {
    "empresa": 1,
    "nome": "Beatriz Mello",
    "telefone": "5551991387872",
    "foto": "",
    "ativo": true,
    "valor_aula": "160.00"
  }
},
{
  "model": "gateagora.aluno",
  "pk": 9,
  "fields": {
    "empresa": 1,
    "nome": "Caio Nunes",
    "telefone": "5551991387872",
    "foto": "",
    "ativo": true,
    "valor_aula": "150.00"
  }
},
{
  "model": "gateagora.aluno",
  "pk": 14,
  "fields": {
    "empresa": 1,
    "nome": "Carla Silva",
    "telefone": "5551991387872",
    "foto": "",
    "ativo": true,
    "valor_aula": "150.00"
  }
},
{
  "model": "gateagora.aluno",
  "pk": 4,
  "fields": {
    "empresa": 1,
    "nome": "Cláudia Teles",
    "telefone": "5551991387872",
    "foto": "",
    "ativo": true,
    "valor_aula": "160.00"
  }
},
{
  "model": "gateagora.aluno",
  "pk": 1,
  "fields": {
    "empresa": 1,
    "nome": "Haras do Paredão (Escola)",
    "telefone": "5551991387872",
    "foto": "",
    "ativo": true,
    "valor_aula": "170.00"
  }
},
{
  "model": "gateagora.aluno",
  "pk": 12,
  "fields": {
    "empresa": 1,
    "nome": "Isabela Campos",
    "telefone": "5551991387872",
    "foto": "",
    "ativo": true,
    "valor_aula": "150.00"
  }
},
{
  "model": "gateagora.aluno",
  "pk": 5,
  "fields": {
    "empresa": 1,
    "nome": "Ivan Rocha",
    "telefone": "5551991387872",
    "foto": "",
    "ativo": true,
    "valor_aula": "160.00"
  }
},
{
  "model": "gateagora.aluno",
  "pk": 8,
  "fields": {
    "empresa": 1,
    "nome": "Júlia Freire",
    "telefone": "5551991387872",
    "foto": "",
    "ativo": true,
    "valor_aula": "150.00"
  }
},
{
  "model": "gateagora.aluno",
  "pk": 7,
  "fields": {
    "empresa": 1,
    "nome": "Lucas Antunes",
    "telefone": "5551991387872",
    "foto": "",
    "ativo": true,
    "valor_aula": "150.00"
  }
},
{
  "model": "gateagora.aluno",
  "pk": 2,
  "fields": {
    "empresa": 1,
    "nome": "Marina Farias",
    "telefone": "5551991387872",
    "foto": "",
    "ativo": true,
    "valor_aula": "160.00"
  }
},
{
  "model": "gateagora.aluno",
  "pk": 11,
  "fields": {
    "empresa": 1,
    "nome": "Pedro Reis",
    "telefone": "5551991387872",
    "foto": "",
    "ativo": true,
    "valor_aula": "150.00"
  }
},
{
  "model": "gateagora.aluno",
  "pk": 3,
  "fields": {
    "empresa": 1,
    "nome": "Rogério Pacheco",
    "telefone": "5551991387872",
    "foto": "",
    "ativo": true,
    "valor_aula": "160.00"
  }
},
{
  "model": "gateagora.aluno",
  "pk": 10,
  "fields": {
    "empresa": 1,
    "nome": "Sofia Martins",
    "telefone": "5551991387872",
    "foto": "",
    "ativo": true,
    "valor_aula": "150.00"
  }
},
{
  "model": "gateagora.aluno",
  "pk": 15,
  "fields": {
    "empresa": 1,
    "nome": "Thiago Alves",
    "telefone": "5551991387872",
    "foto": "",
    "ativo": true,
    "valor_aula": "150.00"
  }
},
{
  "model": "gateagora.baia",
  "pk": 1,
  "fields": {
    "empresa": 1,
    "numero": "01",
    "status": "Ocupada"
  }
},
{
  "model": "gateagora.baia",
  "pk": 2,
  "fields": {
    "empresa": 1,
    "numero": "02",
    "status": "Ocupada"
  }
},
{
  "model": "gateagora.baia",
  "pk": 3,
  "fields": {
    "empresa": 1,
    "numero": "03",
    "status": "Ocupada"
  }
},
{
  "model": "gateagora.baia",
  "pk": 4,
  "fields": {
    "empresa": 1,
    "numero": "04",
    "status": "Ocupada"
  }
},
{
  "model": "gateagora.baia",
  "pk": 5,
  "fields": {
    "empresa": 1,
    "numero": "05",
    "status": "Ocupada"
  }
},
{
  "model": "gateagora.baia",
  "pk": 6,
  "fields": {
    "empresa": 1,
    "numero": "06",
    "status": "Ocupada"
  }
},
{
  "model": "gateagora.baia",
  "pk": 7,
  "fields": {
    "empresa": 1,
    "numero": "07",
    "status": "Ocupada"
  }
},
{
  "model": "gateagora.baia",
  "pk": 8,
  "fields": {
    "empresa": 1,
    "numero": "08",
    "status": "Ocupada"
  }
},
{
  "model": "gateagora.baia",
  "pk": 9,
  "fields": {
    "empresa": 1,
    "numero": "09",
    "status": "Ocupada"
  }
},
{
  "model": "gateagora.baia",
  "pk": 10,
  "fields": {
    "empresa": 1,
    "numero": "10",
    "status": "Ocupada"
  }
},
{
  "model": "gateagora.baia",
  "pk": 11,
  "fields": {
    "empresa": 1,
    "numero": "11",
    "status": "Ocupada"
  }
},
{
  "model": "gateagora.baia",
  "pk": 12,
  "fields": {
    "empresa": 1,
    "numero": "12",
    "status": "Ocupada"
  }
},
{
  "model": "gateagora.baia",
  "pk": 13,
  "fields": {
    "empresa": 1,
    "numero": "13",
    "status": "Ocupada"
  }
},
{
  "model": "gateagora.baia",
  "pk": 14,
  "fields": {
    "empresa": 1,
    "numero": "14",
    "status": "Ocupada"
  }
},
{
  "model": "gateagora.baia",
  "pk": 15,
  "fields": {
    "empresa": 1,
    "numero": "15",
    "status": "Ocupada"
  }
},
{
  "model": "gateagora.baia",
  "pk": 16,
  "fields": {
    "empresa": 1,
    "numero": "16",
    "status": "Ocupada"
  }
},
{
  "model": "gateagora.baia",
  "pk": 17,
  "fields": {
    "empresa": 1,
    "numero": "17",
    "status": "Ocupada"
  }
},
{
  "model": "gateagora.baia",
  "pk": 18,
  "fields": {
    "empresa": 1,
    "numero": "18",
    "status": "Ocupada"
  }
},
{
  "model": "gateagora.baia",
  "pk": 19,
  "fields": {
    "empresa": 1,
    "numero": "19",
    "status": "Ocupada"
  }
},
{
  "model": "gateagora.baia",
  "pk": 20,
  "fields": {
    "empresa": 1,
    "numero": "20",
    "status": "Ocupada"
  }
},
{
  "model": "gateagora.baia",
  "pk": 21,
  "fields": {
    "empresa": 1,
    "numero": "21",
    "status": "Ocupada"
  }
},
{
  "model": "gateagora.baia",
  "pk": 22,
  "fields": {
    "empresa": 1,
    "numero": "22",
    "status": "Ocupada"
  }
},
{
  "model": "gateagora.baia",
  "pk": 23,
  "fields": {
    "empresa": 1,
    "numero": "23",
    "status": "Ocupada"
  }
},
{
  "model": "gateagora.baia",
  "pk": 24,
  "fields": {
    "empresa": 1,
    "numero": "24",
    "status": "Ocupada"
  }
},
{
  "model": "gateagora.baia",
  "pk": 25,
  "fields": {
    "empresa": 1,
    "numero": "25",
    "status": "Ocupada"
  }
},
{
  "model": "gateagora.baia",
  "pk": 26,
  "fields": {
    "empresa": 1,
    "numero": "26",
    "status": "Ocupada"
  }
},
{
  "model": "gateagora.baia",
  "pk": 27,
  "fields": {
    "empresa": 1,
    "numero": "27",
    "status": "Ocupada"
  }
},
{
  "model": "gateagora.baia",
  "pk": 28,
  "fields": {
    "empresa": 1,
    "numero": "28",
    "status": "Ocupada"
  }
},
{
  "model": "gateagora.baia",
  "pk": 29,
  "fields": {
    "empresa": 1,
    "numero": "29",
    "status": "Ocupada"
  }
},
{
  "model": "gateagora.baia",
  "pk": 30,
  "fields": {
    "empresa": 1,
    "numero": "30",
    "status": "Livre"
  }
},
{
  "model": "gateagora.baia",
  "pk": 31,
  "fields": {
    "empresa": 1,
    "numero": "31",
    "status": "Livre"
  }
},
{
  "model": "gateagora.baia",
  "pk": 32,
  "fields": {
    "empresa": 1,
    "numero": "32",
    "status": "Livre"
  }
},
{
  "model": "gateagora.baia",
  "pk": 33,
  "fields": {
    "empresa": 1,
    "numero": "33",
    "status": "Livre"
  }
},
{
  "model": "gateagora.baia",
  "pk": 34,
  "fields": {
    "empresa": 1,
    "numero": "34",
    "status": "Livre"
  }
},
{
  "model": "gateagora.baia",
  "pk": 35,
  "fields": {
    "empresa": 1,
    "numero": "35",
    "status": "Livre"
  }
},
{
  "model": "gateagora.baia",
  "pk": 36,
  "fields": {
    "empresa": 1,
    "numero": "36",
    "status": "Livre"
  }
},
{
  "model": "gateagora.baia",
  "pk": 37,
  "fields": {
    "empresa": 1,
    "numero": "37",
    "status": "Livre"
  }
},
{
  "model": "gateagora.baia",
  "pk": 38,
  "fields": {
    "empresa": 1,
    "numero": "38",
    "status": "Livre"
  }
},
{
  "model": "gateagora.baia",
  "pk": 39,
  "fields": {
    "empresa": 1,
    "numero": "39",
    "status": "Livre"
  }
},
{
  "model": "gateagora.baia",
  "pk": 40,
  "fields": {
    "empresa": 1,
    "numero": "40",
    "status": "Livre"
  }
},
{
  "model": "gateagora.piquete",
  "pk": 1,
  "fields": {
    "empresa": 1,
    "nome": "Piquete A",
    "capacidade": 8,
    "status": "Livre"
  }
},
{
  "model": "gateagora.piquete",
  "pk": 2,
  "fields": {
    "empresa": 1,
    "nome": "Piquete B",
    "capacidade": 10,
    "status": "Livre"
  }
},
{
  "model": "gateagora.cavalo",
  "pk": 4,
  "fields": {
    "empresa": 1,
    "nome": "Apolo",
    "categoria": "PROPRIO",
    "status_saude": "Saudável",
    "onde_dorme": "BAIA",
    "foto": "",
    "raca": "quarto_milha",
    "peso": 504.7,
    "fator_atividade": "0.035",
    "tipo_sela": "Sela Escola",
    "tipo_cabecada": "Cabeçada Padrão",
    "material_proprio": false,
    "baia": 4,
    "piquete": null,
    "proprietario": 1,
    "ultima_vacina": null,
    "ultimo_ferrageamento": null,
    "ultimo_vermifugo": null,
    "ultimo_casqueamento": null,
    "racao_tipo": "Guabi Equi-S",
    "racao_qtd_manha": "2kg",
    "racao_qtd_noite": "2kg",
    "feno_tipo": "Coast Cross",
    "feno_qtd": "À vontade",
    "complemento_nutricional": "",
    "mensalidade_baia": "0.00"
  }
},
{
  "model": "gateagora.cavalo",
  "pk": 8,
  "fields": {
    "empresa": 1,
    "nome": "Argos",
    "categoria": "PROPRIO",
    "status_saude": "Saudável",
    "onde_dorme": "BAIA",
    "foto": "",
    "raca": "quarto_milha",
    "peso": 477.7,
    "fator_atividade": "0.035",
    "tipo_sela": "Sela Escola",
    "tipo_cabecada": "Cabeçada Padrão",
    "material_proprio": false,
    "baia": 8,
    "piquete": null,
    "proprietario": 1,
    "ultima_vacina": null,
    "ultimo_ferrageamento": null,
    "ultimo_vermifugo": null,
    "ultimo_casqueamento": null,
    "racao_tipo": "Guabi Equi-S",
    "racao_qtd_manha": "2kg",
    "racao_qtd_noite": "2kg",
    "feno_tipo": "Coast Cross",
    "feno_qtd": "À vontade",
    "complemento_nutricional": "",
    "mensalidade_baia": "0.00"
  }
},
{
  "model": "gateagora.cavalo",
  "pk": 2,
  "fields": {
    "empresa": 1,
    "nome": "Aura",
    "categoria": "PROPRIO",
    "status_saude": "Saudável",
    "onde_dorme": "BAIA",
    "foto": "",
    "raca": "hipismo",
    "peso": 515.7,
    "fator_atividade": "0.025",
    "tipo_sela": "Sela Escola",
    "tipo_cabecada": "Cabeçada Padrão",
    "material_proprio": false,
    "baia": 2,
    "piquete": null,
    "proprietario": 1,
    "ultima_vacina": null,
    "ultimo_ferrageamento": null,
    "ultimo_vermifugo": null,
    "ultimo_casqueamento": null,
    "racao_tipo": "Guabi Equi-S",
    "racao_qtd_manha": "2kg",
    "racao_qtd_noite": "2kg",
    "feno_tipo": "Coast Cross",
    "feno_qtd": "À vontade",
    "complemento_nutricional": "",
    "mensalidade_baia": "0.00"
  }
},
{
  "model": "gateagora.cavalo",
  "pk": 9,
  "fields": {
    "empresa": 1,
    "nome": "Boreal",
    "categoria": "PROPRIO",
    "status_saude": "Saudável",
    "onde_dorme": "BAIA",
    "foto": "",
    "raca": "crioulo",
    "peso": 424.6,
    "fator_atividade": "0.018",
    "tipo_sela": "Sela Escola",
    "tipo_cabecada": "Cabeçada Padrão",
    "material_proprio": false,
    "baia": 9,
    "piquete": null,
    "proprietario": 1,
    "ultima_vacina": null,
    "ultimo_ferrageamento": null,
    "ultimo_vermifugo": null,
    "ultimo_casqueamento": null,
    "racao_tipo": "Guabi Equi-S",
    "racao_qtd_manha": "2kg",
    "racao_qtd_noite": "2kg",
    "feno_tipo": "Coast Cross",
    "feno_qtd": "À vontade",
    "complemento_nutricional": "",
    "mensalidade_baia": "0.00"
  }
},
{
  "model": "gateagora.cavalo",
  "pk": 6,
  "fields": {
    "empresa": 1,
    "nome": "Bravio",
    "categoria": "PROPRIO",
    "status_saude": "Saudável",
    "onde_dorme": "BAIA",
    "foto": "",
    "raca": "mang_marchador",
    "peso": 473.6,
    "fator_atividade": "0.025",
    "tipo_sela": "Sela Escola",
    "tipo_cabecada": "Cabeçada Padrão",
    "material_proprio": false,
    "baia": 6,
    "piquete": null,
    "proprietario": 1,
    "ultima_vacina": null,
    "ultimo_ferrageamento": null,
    "ultimo_vermifugo": null,
    "ultimo_casqueamento": null,
    "racao_tipo": "Guabi Equi-S",
    "racao_qtd_manha": "2kg",
    "racao_qtd_noite": "2kg",
    "feno_tipo": "Coast Cross",
    "feno_qtd": "À vontade",
    "complemento_nutricional": "",
    "mensalidade_baia": "0.00"
  }
},
{
  "model": "gateagora.cavalo",
  "pk": 25,
  "fields": {
    "empresa": 1,
    "nome": "Capitão",
    "categoria": "HOTELARIA",
    "status_saude": "Saudável",
    "onde_dorme": "BAIA",
    "foto": "",
    "raca": "mang_marchador",
    "peso": 439.1,
    "fator_atividade": "0.018",
    "tipo_sela": "Sela Escola",
    "tipo_cabecada": "Cabeçada Padrão",
    "material_proprio": false,
    "baia": 22,
    "piquete": null,
    "proprietario": 4,
    "ultima_vacina": null,
    "ultimo_ferrageamento": null,
    "ultimo_vermifugo": "2025-12-08",
    "ultimo_casqueamento": null,
    "racao_tipo": "Guabi Equi-S",
    "racao_qtd_manha": "2kg",
    "racao_qtd_noite": "2kg",
    "feno_tipo": "Coast Cross",
    "feno_qtd": "À vontade",
    "complemento_nutricional": "",
    "mensalidade_baia": "1200.00"
  }
},
{
  "model": "gateagora.cavalo",
  "pk": 22,
  "fields": {
    "empresa": 1,
    "nome": "Castor",
    "categoria": "HOTELARIA",
    "status_saude": "Saudável",
    "onde_dorme": "BAIA",
    "foto": "",
    "raca": "hipismo",
    "peso": 504.5,
    "fator_atividade": "0.035",
    "tipo_sela": "Sela Escola",
    "tipo_cabecada": "Cabeçada Padrão",
    "material_proprio": false,
    "baia": 19,
    "piquete": null,
    "proprietario": 3,
    "ultima_vacina": null,
    "ultimo_ferrageamento": null,
    "ultimo_vermifugo": null,
    "ultimo_casqueamento": null,
    "racao_tipo": "Guabi Equi-S",
    "racao_qtd_manha": "2kg",
    "racao_qtd_noite": "2kg",
    "feno_tipo": "Coast Cross",
    "feno_qtd": "À vontade",
    "complemento_nutricional": "",
    "mensalidade_baia": "1200.00"
  }
},
{
  "model": "gateagora.cavalo",
  "pk": 18,
  "fields": {
    "empresa": 1,
    "nome": "Estrela",
    "categoria": "HOTELARIA",
    "status_saude": "Saudável",
    "onde_dorme": "BAIA",
    "foto": "",
    "raca": "crioulo",
    "peso": 451.1,
    "fator_atividade": "0.035",
    "tipo_sela": "Sela do Proprietário",
    "tipo_cabecada": "Cabeçada Padrão",
    "material_proprio": true,
    "baia": 15,
    "piquete": null,
    "proprietario": 2,
    "ultima_vacina": null,
    "ultimo_ferrageamento": null,
    "ultimo_vermifugo": "2025-12-08",
    "ultimo_casqueamento": null,
    "racao_tipo": "Guabi Equi-S",
    "racao_qtd_manha": "2kg",
    "racao_qtd_noite": "2kg",
    "feno_tipo": "Coast Cross",
    "feno_qtd": "À vontade",
    "complemento_nutricional": "",
    "mensalidade_baia": "1200.00"
  }
},
{
  "model": "gateagora.cavalo",
  "pk": 32,
  "fields": {
    "empresa": 1,
    "nome": "Farol",
    "categoria": "HOTELARIA",
    "status_saude": "Saudável",
    "onde_dorme": "BAIA",
    "foto": "",
    "raca": "crioulo",
    "peso": 459.4,
    "fator_atividade": "0.018",
    "tipo_sela": "Sela Escola",
    "tipo_cabecada": "Cabeçada Padrão",
    "material_proprio": false,
    "baia": 29,
    "piquete": null,
    "proprietario": 6,
    "ultima_vacina": null,
    "ultimo_ferrageamento": null,
    "ultimo_vermifugo": null,
    "ultimo_casqueamento": null,
    "racao_tipo": "Guabi Equi-S",
    "racao_qtd_manha": "2kg",
    "racao_qtd_noite": "2kg",
    "feno_tipo": "Coast Cross",
    "feno_qtd": "À vontade",
    "complemento_nutricional": "",
    "mensalidade_baia": "1200.00"
  }
},
{
  "model": "gateagora.cavalo",
  "pk": 24,
  "fields": {
    "empresa": 1,
    "nome": "Flecha",
    "categoria": "HOTELARIA",
    "status_saude": "Saudável",
    "onde_dorme": "BAIA",
    "foto": "",
    "raca": "mang_marchador",
    "peso": 466.2,
    "fator_atividade": "0.018",
    "tipo_sela": "Sela Escola",
    "tipo_cabecada": "Cabeçada Padrão",
    "material_proprio": false,
    "baia": 21,
    "piquete": null,
    "proprietario": 4,
    "ultima_vacina": null,
    "ultimo_ferrageamento": null,
    "ultimo_vermifugo": null,
    "ultimo_casqueamento": null,
    "racao_tipo": "Guabi Equi-S",
    "racao_qtd_manha": "2kg",
    "racao_qtd_noite": "2kg",
    "feno_tipo": "Coast Cross",
    "feno_qtd": "À vontade",
    "complemento_nutricional": "",
    "mensalidade_baia": "1200.00"
  }
},
{
  "model": "gateagora.cavalo",
  "pk": 11,
  "fields": {
    "empresa": 1,
    "nome": "Gaia",
    "categoria": "PROPRIO",
    "status_saude": "Saudável",
    "onde_dorme": "BAIA",
    "foto": "",
    "raca": "crioulo",
    "peso": 458.0,
    "fator_atividade": "0.025",
    "tipo_sela": "Sela Escola",
    "tipo_cabecada": "Cabeçada Padrão",
    "material_proprio": false,
    "baia": 11,
    "piquete": null,
    "proprietario": 1,
    "ultima_vacina": null,
    "ultimo_ferrageamento": null,
    "ultimo_vermifugo": null,
    "ultimo_casqueamento": null,
    "racao_tipo": "Guabi Equi-S",
    "racao_qtd_manha": "2kg",
    "racao_qtd_noite": "2kg",
    "feno_tipo": "Coast Cross",
    "feno_qtd": "À vontade",
    "complemento_nutricional": "",
    "mensalidade_baia": "0.00"
  }
},
{
  "model": "gateagora.cavalo",
  "pk": 26,
  "fields": {
    "empresa": 1,
    "nome": "Hércules",
    "categoria": "HOTELARIA",
    "status_saude": "Saudável",
    "onde_dorme": "BAIA",
    "foto": "",
    "raca": "crioulo",
    "peso": 445.3,
    "fator_atividade": "0.018",
    "tipo_sela": "Sela Escola",
    "tipo_cabecada": "Cabeçada Padrão",
    "material_proprio": false,
    "baia": 23,
    "piquete": null,
    "proprietario": 4,
    "ultima_vacina": null,
    "ultimo_ferrageamento": null,
    "ultimo_vermifugo": null,
    "ultimo_casqueamento": null,
    "racao_tipo": "Guabi Equi-S",
    "racao_qtd_manha": "2kg",
    "racao_qtd_noite": "2kg",
    "feno_tipo": "Coast Cross",
    "feno_qtd": "À vontade",
    "complemento_nutricional": "",
    "mensalidade_baia": "1200.00"
  }
},
{
  "model": "gateagora.cavalo",
  "pk": 12,
  "fields": {
    "empresa": 1,
    "nome": "Jade",
    "categoria": "PROPRIO",
    "status_saude": "Saudável",
    "onde_dorme": "BAIA",
    "foto": "",
    "raca": "quarto_milha",
    "peso": 436.3,
    "fator_atividade": "0.025",
    "tipo_sela": "Sela Escola",
    "tipo_cabecada": "Cabeçada Padrão",
    "material_proprio": false,
    "baia": 12,
    "piquete": null,
    "proprietario": 1,
    "ultima_vacina": null,
    "ultimo_ferrageamento": null,
    "ultimo_vermifugo": null,
    "ultimo_casqueamento": null,
    "racao_tipo": "Guabi Equi-S",
    "racao_qtd_manha": "2kg",
    "racao_qtd_noite": "2kg",
    "feno_tipo": "Coast Cross",
    "feno_qtd": "À vontade",
    "complemento_nutricional": "",
    "mensalidade_baia": "0.00"
  }
},
{
  "model": "gateagora.cavalo",
  "pk": 1,
  "fields": {
    "empresa": 1,
    "nome": "Júpiter",
    "categoria": "PROPRIO",
    "status_saude": "Saudável",
    "onde_dorme": "BAIA",
    "foto": "",
    "raca": "mang_marchador",
    "peso": 454.0,
    "fator_atividade": "0.018",
    "tipo_sela": "Sela Escola",
    "tipo_cabecada": "Cabeçada Padrão",
    "material_proprio": false,
    "baia": 1,
    "piquete": null,
    "proprietario": 1,
    "ultima_vacina": null,
    "ultimo_ferrageamento": null,
    "ultimo_vermifugo": null,
    "ultimo_casqueamento": "2026-01-07",
    "racao_tipo": "Guabi Equi-S",
    "racao_qtd_manha": "2kg",
    "racao_qtd_noite": "2kg",
    "feno_tipo": "Coast Cross",
    "feno_qtd": "À vontade",
    "complemento_nutricional": "",
    "mensalidade_baia": "0.00"
  }
},
{
  "model": "gateagora.cavalo",
  "pk": 29,
  "fields": {
    "empresa": 1,
    "nome": "Maestoso",
    "categoria": "HOTELARIA",
    "status_saude": "Saudável",
    "onde_dorme": "BAIA",
    "foto": "",
    "raca": "quarto_milha",
    "peso": 527.1,
    "fator_atividade": "0.018",
    "tipo_sela": "Sela Escola",
    "tipo_cabecada": "Cabeçada Padrão",
    "material_proprio": false,
    "baia": 26,
    "piquete": null,
    "proprietario": 5,
    "ultima_vacina": null,
    "ultimo_ferrageamento": null,
    "ultimo_vermifugo": null,
    "ultimo_casqueamento": null,
    "racao_tipo": "Guabi Equi-S",
    "racao_qtd_manha": "2kg",
    "racao_qtd_noite": "2kg",
    "feno_tipo": "Coast Cross",
    "feno_qtd": "À vontade",
    "complemento_nutricional": "",
    "mensalidade_baia": "1200.00"
  }
},
{
  "model": "gateagora.cavalo",
  "pk": 5,
  "fields": {
    "empresa": 1,
    "nome": "Mistral",
    "categoria": "PROPRIO",
    "status_saude": "Saudável",
    "onde_dorme": "BAIA",
    "foto": "",
    "raca": "quarto_milha",
    "peso": 500.7,
    "fator_atividade": "0.035",
    "tipo_sela": "Sela Escola",
    "tipo_cabecada": "Cabeçada Padrão",
    "material_proprio": false,
    "baia": 5,
    "piquete": null,
    "proprietario": 1,
    "ultima_vacina": null,
    "ultimo_ferrageamento": null,
    "ultimo_vermifugo": null,
    "ultimo_casqueamento": null,
    "racao_tipo": "Guabi Equi-S",
    "racao_qtd_manha": "2kg",
    "racao_qtd_noite": "2kg",
    "feno_tipo": "Coast Cross",
    "feno_qtd": "À vontade",
    "complemento_nutricional": "",
    "mensalidade_baia": "0.00"
  }
},
{
  "model": "gateagora.cavalo",
  "pk": 27,
  "fields": {
    "empresa": 1,
    "nome": "Naja",
    "categoria": "HOTELARIA",
    "status_saude": "Saudável",
    "onde_dorme": "BAIA",
    "foto": "",
    "raca": "mang_marchador",
    "peso": 489.6,
    "fator_atividade": "0.025",
    "tipo_sela": "Sela Escola",
    "tipo_cabecada": "Cabeçada Padrão",
    "material_proprio": false,
    "baia": 24,
    "piquete": null,
    "proprietario": 5,
    "ultima_vacina": null,
    "ultimo_ferrageamento": null,
    "ultimo_vermifugo": null,
    "ultimo_casqueamento": null,
    "racao_tipo": "Guabi Equi-S",
    "racao_qtd_manha": "2kg",
    "racao_qtd_noite": "2kg",
    "feno_tipo": "Coast Cross",
    "feno_qtd": "À vontade",
    "complemento_nutricional": "",
    "mensalidade_baia": "1200.00"
  }
},
{
  "model": "gateagora.cavalo",
  "pk": 10,
  "fields": {
    "empresa": 1,
    "nome": "Neblina",
    "categoria": "PROPRIO",
    "status_saude": "Saudável",
    "onde_dorme": "BAIA",
    "foto": "",
    "raca": "quarto_milha",
    "peso": 518.5,
    "fator_atividade": "0.018",
    "tipo_sela": "Sela Escola",
    "tipo_cabecada": "Cabeçada Padrão",
    "material_proprio": false,
    "baia": 10,
    "piquete": null,
    "proprietario": 1,
    "ultima_vacina": null,
    "ultimo_ferrageamento": null,
    "ultimo_vermifugo": "2025-12-08",
    "ultimo_casqueamento": null,
    "racao_tipo": "Guabi Equi-S",
    "racao_qtd_manha": "2kg",
    "racao_qtd_noite": "2kg",
    "feno_tipo": "Coast Cross",
    "feno_qtd": "À vontade",
    "complemento_nutricional": "",
    "mensalidade_baia": "0.00"
  }
},
{
  "model": "gateagora.cavalo",
  "pk": 16,
  "fields": {
    "empresa": 1,
    "nome": "Orion",
    "categoria": "PROPRIO",
    "status_saude": "Saudável",
    "onde_dorme": "PIQUETE",
    "foto": "",
    "raca": "hipismo",
    "peso": 488.5,
    "fator_atividade": "0.018",
    "tipo_sela": "Sela Escola",
    "tipo_cabecada": "Cabeçada Padrão",
    "material_proprio": false,
    "baia": null,
    "piquete": 1,
    "proprietario": 1,
    "ultima_vacina": null,
    "ultimo_ferrageamento": null,
    "ultimo_vermifugo": null,
    "ultimo_casqueamento": null,
    "racao_tipo": "Guabi Equi-S",
    "racao_qtd_manha": "2kg",
    "racao_qtd_noite": "2kg",
    "feno_tipo": "Coast Cross",
    "feno_qtd": "À vontade",
    "complemento_nutricional": "",
    "mensalidade_baia": "0.00"
  }
},
{
  "model": "gateagora.cavalo",
  "pk": 13,
  "fields": {
    "empresa": 1,
    "nome": "Pégaso",
    "categoria": "PROPRIO",
    "status_saude": "Saudável",
    "onde_dorme": "BAIA",
    "foto": "",
    "raca": "hipismo",
    "peso": 487.0,
    "fator_atividade": "0.035",
    "tipo_sela": "Sela Escola",
    "tipo_cabecada": "Cabeçada Padrão",
    "material_proprio": false,
    "baia": 13,
    "piquete": null,
    "proprietario": 1,
    "ultima_vacina": null,
    "ultimo_ferrageamento": null,
    "ultimo_vermifugo": null,
    "ultimo_casqueamento": null,
    "racao_tipo": "Guabi Equi-S",
    "racao_qtd_manha": "2kg",
    "racao_qtd_noite": "2kg",
    "feno_tipo": "Coast Cross",
    "feno_qtd": "À vontade",
    "complemento_nutricional": "",
    "mensalidade_baia": "0.00"
  }
},
{
  "model": "gateagora.cavalo",
  "pk": 23,
  "fields": {
    "empresa": 1,
    "nome": "Pérola",
    "categoria": "HOTELARIA",
    "status_saude": "Saudável",
    "onde_dorme": "BAIA",
    "foto": "",
    "raca": "quarto_milha",
    "peso": 504.7,
    "fator_atividade": "0.025",
    "tipo_sela": "Sela Escola",
    "tipo_cabecada": "Cabeçada Padrão",
    "material_proprio": false,
    "baia": 20,
    "piquete": null,
    "proprietario": 3,
    "ultima_vacina": null,
    "ultimo_ferrageamento": null,
    "ultimo_vermifugo": null,
    "ultimo_casqueamento": null,
    "racao_tipo": "Guabi Equi-S",
    "racao_qtd_manha": "2kg",
    "racao_qtd_noite": "2kg",
    "feno_tipo": "Coast Cross",
    "feno_qtd": "À vontade",
    "complemento_nutricional": "",
    "mensalidade_baia": "1200.00"
  }
},
{
  "model": "gateagora.cavalo",
  "pk": 3,
  "fields": {
    "empresa": 1,
    "nome": "Quiron",
    "categoria": "PROPRIO",
    "status_saude": "Saudável",
    "onde_dorme": "BAIA",
    "foto": "",
    "raca": "crioulo",
    "peso": 429.3,
    "fator_atividade": "0.018",
    "tipo_sela": "Sela Escola",
    "tipo_cabecada": "Cabeçada Padrão",
    "material_proprio": false,
    "baia": 3,
    "piquete": null,
    "proprietario": 1,
    "ultima_vacina": null,
    "ultimo_ferrageamento": null,
    "ultimo_vermifugo": null,
    "ultimo_casqueamento": null,
    "racao_tipo": "Guabi Equi-S",
    "racao_qtd_manha": "2kg",
    "racao_qtd_noite": "2kg",
    "feno_tipo": "Coast Cross",
    "feno_qtd": "À vontade",
    "complemento_nutricional": "",
    "mensalidade_baia": "0.00"
  }
},
{
  "model": "gateagora.cavalo",
  "pk": 19,
  "fields": {
    "empresa": 1,
    "nome": "Relâmpago",
    "categoria": "HOTELARIA",
    "status_saude": "Saudável",
    "onde_dorme": "BAIA",
    "foto": "",
    "raca": "quarto_milha",
    "peso": 451.3,
    "fator_atividade": "0.025",
    "tipo_sela": "Sela Escola",
    "tipo_cabecada": "Cabeçada Padrão",
    "material_proprio": false,
    "baia": 16,
    "piquete": null,
    "proprietario": 2,
    "ultima_vacina": null,
    "ultimo_ferrageamento": null,
    "ultimo_vermifugo": null,
    "ultimo_casqueamento": null,
    "racao_tipo": "Guabi Equi-S",
    "racao_qtd_manha": "2kg",
    "racao_qtd_noite": "2kg",
    "feno_tipo": "Coast Cross",
    "feno_qtd": "À vontade",
    "complemento_nutricional": "",
    "mensalidade_baia": "1200.00"
  }
},
{
  "model": "gateagora.cavalo",
  "pk": 7,
  "fields": {
    "empresa": 1,
    "nome": "Safira",
    "categoria": "PROPRIO",
    "status_saude": "Saudável",
    "onde_dorme": "BAIA",
    "foto": "",
    "raca": "crioulo",
    "peso": 475.2,
    "fator_atividade": "0.035",
    "tipo_sela": "Sela Escola",
    "tipo_cabecada": "Cabeçada Padrão",
    "material_proprio": false,
    "baia": 7,
    "piquete": null,
    "proprietario": 1,
    "ultima_vacina": null,
    "ultimo_ferrageamento": null,
    "ultimo_vermifugo": null,
    "ultimo_casqueamento": null,
    "racao_tipo": "Guabi Equi-S",
    "racao_qtd_manha": "2kg",
    "racao_qtd_noite": "2kg",
    "feno_tipo": "Coast Cross",
    "feno_qtd": "À vontade",
    "complemento_nutricional": "",
    "mensalidade_baia": "0.00"
  }
},
{
  "model": "gateagora.cavalo",
  "pk": 20,
  "fields": {
    "empresa": 1,
    "nome": "Sírius",
    "categoria": "HOTELARIA",
    "status_saude": "Saudável",
    "onde_dorme": "BAIA",
    "foto": "",
    "raca": "mang_marchador",
    "peso": 518.5,
    "fator_atividade": "0.035",
    "tipo_sela": "Sela Escola",
    "tipo_cabecada": "Cabeçada Padrão",
    "material_proprio": false,
    "baia": 17,
    "piquete": null,
    "proprietario": 2,
    "ultima_vacina": null,
    "ultimo_ferrageamento": null,
    "ultimo_vermifugo": null,
    "ultimo_casqueamento": null,
    "racao_tipo": "Guabi Equi-S",
    "racao_qtd_manha": "2kg",
    "racao_qtd_noite": "2kg",
    "feno_tipo": "Coast Cross",
    "feno_qtd": "À vontade",
    "complemento_nutricional": "",
    "mensalidade_baia": "1200.00"
  }
},
{
  "model": "gateagora.cavalo",
  "pk": 17,
  "fields": {
    "empresa": 1,
    "nome": "Talismã",
    "categoria": "PROPRIO",
    "status_saude": "Saudável",
    "onde_dorme": "PIQUETE",
    "foto": "",
    "raca": "crioulo",
    "peso": 500.5,
    "fator_atividade": "0.025",
    "tipo_sela": "Sela Escola",
    "tipo_cabecada": "Cabeçada Padrão",
    "material_proprio": false,
    "baia": null,
    "piquete": 2,
    "proprietario": 1,
    "ultima_vacina": null,
    "ultimo_ferrageamento": null,
    "ultimo_vermifugo": null,
    "ultimo_casqueamento": null,
    "racao_tipo": "Guabi Equi-S",
    "racao_qtd_manha": "2kg",
    "racao_qtd_noite": "2kg",
    "feno_tipo": "Coast Cross",
    "feno_qtd": "À vontade",
    "complemento_nutricional": "",
    "mensalidade_baia": "0.00"
  }
},
{
  "model": "gateagora.cavalo",
  "pk": 31,
  "fields": {
    "empresa": 1,
    "nome": "Trovão",
    "categoria": "HOTELARIA",
    "status_saude": "Saudável",
    "onde_dorme": "BAIA",
    "foto": "",
    "raca": "quarto_milha",
    "peso": 506.9,
    "fator_atividade": "0.025",
    "tipo_sela": "Sela Escola",
    "tipo_cabecada": "Cabeçada Padrão",
    "material_proprio": false,
    "baia": 28,
    "piquete": null,
    "proprietario": 6,
    "ultima_vacina": null,
    "ultimo_ferrageamento": null,
    "ultimo_vermifugo": "2025-12-08",
    "ultimo_casqueamento": null,
    "racao_tipo": "Guabi Equi-S",
    "racao_qtd_manha": "2kg",
    "racao_qtd_noite": "2kg",
    "feno_tipo": "Coast Cross",
    "feno_qtd": "À vontade",
    "complemento_nutricional": "",
    "mensalidade_baia": "1200.00"
  }
},
{
  "model": "gateagora.cavalo",
  "pk": 30,
  "fields": {
    "empresa": 1,
    "nome": "Trueno",
    "categoria": "HOTELARIA",
    "status_saude": "Saudável",
    "onde_dorme": "BAIA",
    "foto": "",
    "raca": "crioulo",
    "peso": 498.2,
    "fator_atividade": "0.035",
    "tipo_sela": "Sela Escola",
    "tipo_cabecada": "Cabeçada Padrão",
    "material_proprio": false,
    "baia": 27,
    "piquete": null,
    "proprietario": 6,
    "ultima_vacina": null,
    "ultimo_ferrageamento": null,
    "ultimo_vermifugo": null,
    "ultimo_casqueamento": "2026-01-07",
    "racao_tipo": "Guabi Equi-S",
    "racao_qtd_manha": "2kg",
    "racao_qtd_noite": "2kg",
    "feno_tipo": "Coast Cross",
    "feno_qtd": "À vontade",
    "complemento_nutricional": "",
    "mensalidade_baia": "1200.00"
  }
},
{
  "model": "gateagora.cavalo",
  "pk": 21,
  "fields": {
    "empresa": 1,
    "nome": "Ventania",
    "categoria": "HOTELARIA",
    "status_saude": "Saudável",
    "onde_dorme": "BAIA",
    "foto": "",
    "raca": "mang_marchador",
    "peso": 444.3,
    "fator_atividade": "0.018",
    "tipo_sela": "Sela do Proprietário",
    "tipo_cabecada": "Cabeçada Padrão",
    "material_proprio": true,
    "baia": 18,
    "piquete": null,
    "proprietario": 3,
    "ultima_vacina": null,
    "ultimo_ferrageamento": null,
    "ultimo_vermifugo": null,
    "ultimo_casqueamento": null,
    "racao_tipo": "Guabi Equi-S",
    "racao_qtd_manha": "2kg",
    "racao_qtd_noite": "2kg",
    "feno_tipo": "Coast Cross",
    "feno_qtd": "À vontade",
    "complemento_nutricional": "",
    "mensalidade_baia": "1200.00"
  }
},
{
  "model": "gateagora.cavalo",
  "pk": 28,
  "fields": {
    "empresa": 1,
    "nome": "Xamã",
    "categoria": "HOTELARIA",
    "status_saude": "Saudável",
    "onde_dorme": "BAIA",
    "foto": "",
    "raca": "mang_marchador",
    "peso": 489.6,
    "fator_atividade": "0.025",
    "tipo_sela": "Sela Escola",
    "tipo_cabecada": "Cabeçada Padrão",
    "material_proprio": false,
    "baia": 25,
    "piquete": null,
    "proprietario": 5,
    "ultima_vacina": null,
    "ultimo_ferrageamento": null,
    "ultimo_vermifugo": null,
    "ultimo_casqueamento": null,
    "racao_tipo": "Guabi Equi-S",
    "racao_qtd_manha": "2kg",
    "racao_qtd_noite": "2kg",
    "feno_tipo": "Coast Cross",
    "feno_qtd": "À vontade",
    "complemento_nutricional": "",
    "mensalidade_baia": "1200.00"
  }
},
{
  "model": "gateagora.cavalo",
  "pk": 14,
  "fields": {
    "empresa": 1,
    "nome": "Zéfiro",
    "categoria": "PROPRIO",
    "status_saude": "Saudável",
    "onde_dorme": "BAIA",
    "foto": "",
    "raca": "crioulo",
    "peso": 480.9,
    "fator_atividade": "0.018",
    "tipo_sela": "Sela Escola",
    "tipo_cabecada": "Cabeçada Padrão",
    "material_proprio": false,
    "baia": 14,
    "piquete": null,
    "proprietario": 1,
    "ultima_vacina": null,
    "ultimo_ferrageamento": null,
    "ultimo_vermifugo": null,
    "ultimo_casqueamento": null,
    "racao_tipo": "Guabi Equi-S",
    "racao_qtd_manha": "2kg",
    "racao_qtd_noite": "2kg",
    "feno_tipo": "Coast Cross",
    "feno_qtd": "À vontade",
    "complemento_nutricional": "",
    "mensalidade_baia": "0.00"
  }
},
{
  "model": "gateagora.cavalo",
  "pk": 15,
  "fields": {
    "empresa": 1,
    "nome": "Ícaro",
    "categoria": "PROPRIO",
    "status_saude": "Saudável",
    "onde_dorme": "PIQUETE",
    "foto": "",
    "raca": "hipismo",
    "peso": 436.3,
    "fator_atividade": "0.025",
    "tipo_sela": "Sela Escola",
    "tipo_cabecada": "Cabeçada Padrão",
    "material_proprio": false,
    "baia": null,
    "piquete": 2,
    "proprietario": 1,
    "ultima_vacina": null,
    "ultimo_ferrageamento": null,
    "ultimo_vermifugo": null,
    "ultimo_casqueamento": null,
    "racao_tipo": "Guabi Equi-S",
    "racao_qtd_manha": "2kg",
    "racao_qtd_noite": "2kg",
    "feno_tipo": "Coast Cross",
    "feno_qtd": "À vontade",
    "complemento_nutricional": "",
    "mensalidade_baia": "0.00"
  }
},
{
  "model": "gateagora.documentocavalo",
  "pk": 1,
  "fields": {
    "cavalo": 12,
    "titulo": "Vacina Influenza",
    "tipo": "VACINA",
    "data_validade": "2026-03-24",
    "arquivo": ""
  }
},
{
  "model": "gateagora.documentocavalo",
  "pk": 2,
  "fields": {
    "cavalo": 7,
    "titulo": "Vacina Influenza",
    "tipo": "VACINA",
    "data_validade": "2026-04-06",
    "arquivo": ""
  }
},
{
  "model": "gateagora.documentocavalo",
  "pk": 3,
  "fields": {
    "cavalo": 20,
    "titulo": "Vacina Influenza",
    "tipo": "VACINA",
    "data_validade": "2026-03-18",
    "arquivo": ""
  }
},
{
  "model": "gateagora.documentocavalo",
  "pk": 4,
  "fields": {
    "cavalo": 13,
    "titulo": "Vacina Influenza",
    "tipo": "VACINA",
    "data_validade": "2026-03-30",
    "arquivo": ""
  }
},
{
  "model": "gateagora.documentocavalo",
  "pk": 5,
  "fields": {
    "cavalo": 10,
    "titulo": "Vacina Influenza",
    "tipo": "VACINA",
    "data_validade": "2026-04-06",
    "arquivo": ""
  }
},
{
  "model": "gateagora.registroocorrencia",
  "pk": 1,
  "fields": {
    "cavalo": 30,
    "data": "2026-03-11T12:00:00Z",
    "titulo": "Agendar Casqueamento",
    "descricao": "Casqueamento programado para 11/03/2026",
    "foto_evidencia": "",
    "veterinario": ""
  }
},
{
  "model": "gateagora.registroocorrencia",
  "pk": 2,
  "fields": {
    "cavalo": 1,
    "data": "2026-03-11T12:00:00Z",
    "titulo": "Agendar Casqueamento",
    "descricao": "Casqueamento programado para 11/03/2026",
    "foto_evidencia": "",
    "veterinario": ""
  }
},
{
  "model": "gateagora.registroocorrencia",
  "pk": 3,
  "fields": {
    "cavalo": 25,
    "data": "2026-03-10T13:30:00Z",
    "titulo": "Aplicar Vermífugo",
    "descricao": "Vermifugação programada para 10/03/2026",
    "foto_evidencia": "",
    "veterinario": ""
  }
},
{
  "model": "gateagora.registroocorrencia",
  "pk": 4,
  "fields": {
    "cavalo": 31,
    "data": "2026-03-10T13:30:00Z",
    "titulo": "Aplicar Vermífugo",
    "descricao": "Vermifugação programada para 10/03/2026",
    "foto_evidencia": "",
    "veterinario": ""
  }
},
{
  "model": "gateagora.registroocorrencia",
  "pk": 5,
  "fields": {
    "cavalo": 10,
    "data": "2026-03-10T13:30:00Z",
    "titulo": "Aplicar Vermífugo",
    "descricao": "Vermifugação programada para 10/03/2026",
    "foto_evidencia": "",
    "veterinario": ""
  }
},
{
  "model": "gateagora.registroocorrencia",
  "pk": 6,
  "fields": {
    "cavalo": 18,
    "data": "2026-03-10T13:30:00Z",
    "titulo": "Aplicar Vermífugo",
    "descricao": "Vermifugação programada para 10/03/2026",
    "foto_evidencia": "",
    "veterinario": ""
  }
},
{
  "model": "gateagora.aula",
  "pk": 2,
  "fields": {
    "empresa": 1,
    "aluno": 12,
    "cavalo": 20,
    "instrutor": 5,
    "data_hora": "2025-11-01T14:00:00Z",
    "local": "picadeiro_1",
    "tipo": "NORMAL",
    "concluida": true,
    "relatorio_treino": ""
  }
},
{
  "model": "gateagora.aula",
  "pk": 1,
  "fields": {
    "empresa": 1,
    "aluno": 14,
    "cavalo": 2,
    "instrutor": 5,
    "data_hora": "2025-11-01T18:30:00Z",
    "local": "picadeiro_1",
    "tipo": "NORMAL",
    "concluida": true,
    "relatorio_treino": ""
  }
},
{
  "model": "gateagora.aula",
  "pk": 3,
  "fields": {
    "empresa": 1,
    "aluno": 8,
    "cavalo": 6,
    "instrutor": 5,
    "data_hora": "2025-11-03T12:30:00Z",
    "local": "pista_salto",
    "tipo": "NORMAL",
    "concluida": true,
    "relatorio_treino": ""
  }
},
{
  "model": "gateagora.aula",
  "pk": 4,
  "fields": {
    "empresa": 1,
    "aluno": 14,
    "cavalo": 5,
    "instrutor": 5,
    "data_hora": "2025-11-03T18:30:00Z",
    "local": "pista_salto",
    "tipo": "NORMAL",
    "concluida": true,
    "relatorio_treino": ""
  }
},
{
  "model": "gateagora.aula",
  "pk": 5,
  "fields": {
    "empresa": 1,
    "aluno": 11,
    "cavalo": 28,
    "instrutor": 5,
    "data_hora": "2025-11-04T12:30:00Z",
    "local": "picadeiro_1",
    "tipo": "NORMAL",
    "concluida": true,
    "relatorio_treino": ""
  }
},
{
  "model": "gateagora.aula",
  "pk": 6,
  "fields": {
    "empresa": 1,
    "aluno": 15,
    "cavalo": 13,
    "instrutor": 5,
    "data_hora": "2025-11-04T17:00:00Z",
    "local": "pista_salto",
    "tipo": "NORMAL",
    "concluida": true,
    "relatorio_treino": ""
  }
},
{
  "model": "gateagora.aula",
  "pk": 7,
  "fields": {
    "empresa": 1,
    "aluno": 11,
    "cavalo": 26,
    "instrutor": 5,
    "data_hora": "2025-11-04T20:00:00Z",
    "local": "pista_salto",
    "tipo": "NORMAL",
    "concluida": true,
    "relatorio_treino": ""
  }
},
{
  "model": "gateagora.aula",
  "pk": 11,
  "fields": {
    "empresa": 1,
    "aluno": 10,
    "cavalo": 1,
    "instrutor": 5,
    "data_hora": "2025-11-05T11:00:00Z",
    "local": "picadeiro_1",
    "tipo": "NORMAL",
    "concluida": true,
    "relatorio_treino": ""
  }
},
{
  "model": "gateagora.aula",
  "pk": 8,
  "fields": {
    "empresa": 1,
    "aluno": 10,
    "cavalo": 15,
    "instrutor": 5,
    "data_hora": "2025-11-05T17:00:00Z",
    "local": "picadeiro_1",
    "tipo": "NORMAL",
    "concluida": true,
    "relatorio_treino": ""
  }
},
{
  "model": "gateagora.aula",
  "pk": 9,
  "fields": {
    "empresa": 1,
    "aluno": 12,
    "cavalo": 2,
    "instrutor": 5,
    "data_hora": "2025-11-05T18:30:00Z",
    "local": "pista_salto",
    "tipo": "NORMAL",
    "concluida": true,
    "relatorio_treino": ""
  }
},
{
  "model": "gateagora.aula",
  "pk": 10,
  "fields": {
    "empresa": 1,
    "aluno": 15,
    "cavalo": 15,
    "instrutor": 5,
    "data_hora": "2025-11-05T20:00:00Z",
    "local": "pista_salto",
    "tipo": "NORMAL",
    "concluida": true,
    "relatorio_treino": ""
  }
},
{
  "model": "gateagora.aula",
  "pk": 13,
  "fields": {
    "empresa": 1,
    "aluno": 15,
    "cavalo": 16,
    "instrutor": 5,
    "data_hora": "2025-11-06T11:00:00Z",
    "local": "picadeiro_2",
    "tipo": "NORMAL",
    "concluida": true,
    "relatorio_treino": ""
  }
},
{
  "model": "gateagora.aula",
  "pk": 12,
  "fields": {
    "empresa": 1,
    "aluno": 7,
    "cavalo": 22,
    "instrutor": 5,
    "data_hora": "2025-11-06T12:30:00Z",
    "local": "picadeiro_1",
    "tipo": "NORMAL",
    "concluida": true,
    "relatorio_treino": ""
  }
},
{
  "model": "gateagora.aula",
  "pk": 14,
  "fields": {
    "empresa": 1,
    "aluno": 10,
    "cavalo": 31,
    "instrutor": 5,
    "data_hora": "2025-11-07T12:30:00Z",
    "local": "picadeiro_2",
    "tipo": "NORMAL",
    "concluida": true,
    "relatorio_treino": ""
  }
},
{
  "model": "gateagora.aula",
  "pk": 17,
  "fields": {
    "empresa": 1,
    "aluno": 13,
    "cavalo": 27,
    "instrutor": 5,
    "data_hora": "2025-11-07T14:00:00Z",
    "local": "picadeiro_2",
    "tipo": "NORMAL",
    "concluida": true,
    "relatorio_treino": ""
  }
},
{
  "model": "gateagora.aula",
  "pk": 18,
  "fields": {
    "empresa": 1,
    "aluno": 4,
    "cavalo": 4,
    "instrutor": 5,
    "data_hora": "2025-11-07T17:00:00Z",
    "local": "pista_salto",
    "tipo": "NORMAL",
    "concluida": true,
    "relatorio_treino": ""
  }
},
{
  "model": "gateagora.aula",
  "pk": 15,
  "fields": {
    "empresa": 1,
    "aluno": 10,
    "cavalo": 7,
    "instrutor": 5,
    "data_hora": "2025-11-07T18:30:00Z",
    "local": "picadeiro_1",
    "tipo": "NORMAL",
    "concluida": true,
    "relatorio_treino": ""
  }
},
{
  "model": "gateagora.aula",
  "pk": 16,
  "fields": {
    "empresa": 1,
    "aluno": 3,
    "cavalo": 28,
    "instrutor": 5,
    "data_hora": "2025-11-07T20:00:00Z",
    "local": "picadeiro_2",
    "tipo": "NORMAL",
    "concluida": true,
    "relatorio_treino": ""
  }
},
{
  "model": "gateagora.aula",
  "pk": 19,
  "fields": {
    "empresa": 1,
    "aluno": 4,
    "cavalo": 22,
    "instrutor": 5,
    "data_hora": "2025-11-08T11:00:00Z",
    "local": "picadeiro_1",
    "tipo": "NORMAL",
    "concluida": true,
    "relatorio_treino": ""
  }
},
{
  "model": "gateagora.aula",
  "pk": 20,
  "fields": {
    "empresa": 1,
    "aluno": 10,
    "cavalo": 13,
    "instrutor": 5,
    "data_hora": "2025-11-08T17:00:00Z",
    "local": "picadeiro_1",
    "tipo": "NORMAL",
    "concluida": true,
    "relatorio_treino": ""
  }
},
{
  "model": "gateagora.aula",
  "pk": 21,
  "fields": {
    "empresa": 1,
    "aluno": 10,
    "cavalo": 5,
    "instrutor": 5,
    "data_hora": "2025-11-10T12:30:00Z",
    "local": "picadeiro_2",
    "tipo": "NORMAL",
    "concluida": true,
    "relatorio_treino": ""
  }
},
{
  "model": "gateagora.aula",
  "pk": 25,
  "fields": {
    "empresa": 1,
    "aluno": 14,
    "cavalo": 31,
    "instrutor": 5,
    "data_hora": "2025-11-10T14:00:00Z",
    "local": "picadeiro_1",
    "tipo": "NORMAL",
    "concluida": true,
    "relatorio_treino": ""
  }
},
{
  "model": "gateagora.aula",
  "pk": 22,
  "fields": {
    "empresa": 1,
    "aluno": 15,
    "cavalo": 7,
    "instrutor": 5,
    "data_hora": "2025-11-10T17:00:00Z",
    "local": "picadeiro_1",
    "tipo": "NORMAL",
    "concluida": true,
    "relatorio_treino": ""
  }
},
{
  "model": "gateagora.aula",
  "pk": 24,
  "fields": {
    "empresa": 1,
    "aluno": 10,
    "cavalo": 11,
    "instrutor": 5,
    "data_hora": "2025-11-10T18:30:00Z",
    "local": "picadeiro_2",
    "tipo": "NORMAL",
    "concluida": true,
    "relatorio_treino": ""
  }
},
{
  "model": "gateagora.aula",
  "pk": 23,
  "fields": {
    "empresa": 1,
    "aluno": 3,
    "cavalo": 1,
    "instrutor": 5,
    "data_hora": "2025-11-10T20:00:00Z",
    "local": "picadeiro_1",
    "tipo": "NORMAL",
    "concluida": true,
    "relatorio_treino": ""
  }
},
{
  "model": "gateagora.aula",
  "pk": 26,
  "fields": {
    "empresa": 1,
    "aluno": 11,
    "cavalo": 30,
    "instrutor": 5,
    "data_hora": "2025-11-11T11:00:00Z",
    "local": "picadeiro_2",
    "tipo": "NORMAL",
    "concluida": true,
    "relatorio_treino": ""
  }
},
{
  "model": "gateagora.aula",
  "pk": 27,
  "fields": {
    "empresa": 1,
    "aluno": 13,
    "cavalo": 32,
    "instrutor": 5,
    "data_hora": "2025-11-11T12:30:00Z",
    "local": "picadeiro_1",
    "tipo": "NORMAL",
    "concluida": true,
    "relatorio_treino": ""
  }
},
{
  "model": "gateagora.aula",
  "pk": 28,
  "fields": {
    "empresa": 1,
    "aluno": 10,
    "cavalo": 19,
    "instrutor": 5,
    "data_hora": "2025-11-11T17:00:00Z",
    "local": "picadeiro_1",
    "tipo": "NORMAL",
    "concluida": true,
    "relatorio_treino": ""
  }
},
{
  "model": "gateagora.aula",
  "pk": 30,
  "fields": {
    "empresa": 1,
    "aluno": 12,
    "cavalo": 4,
    "instrutor": 5,
    "data_hora": "2025-11-11T18:30:00Z",
    "local": "picadeiro_1",
    "tipo": "NORMAL",
    "concluida": true,
    "relatorio_treino": ""
  }
},
{
  "model": "gateagora.aula",
  "pk": 29,
  "fields": {
    "empresa": 1,
    "aluno": 7,
    "cavalo": 4,
    "instrutor": 5,
    "data_hora": "2025-11-11T20:00:00Z",
    "local": "pista_salto",
    "tipo": "NORMAL",
    "concluida": true,
    "relatorio_treino": ""
  }
},
{
  "model": "gateagora.aula",
  "pk": 34,
  "fields": {
    "empresa": 1,
    "aluno": 2,
    "cavalo": 3,
    "instrutor": 5,
    "data_hora": "2025-11-12T11:00:00Z",
    "local": "pista_salto",
    "tipo": "NORMAL",
    "concluida": true,
    "relatorio_treino": ""
  }
},
{
  "model": "gateagora.aula",
  "pk": 33,
  "fields": {
    "empresa": 1,
    "aluno": 8,
    "cavalo": 16,
    "instrutor": 5,
    "data_hora": "2025-11-12T12:30:00Z",
    "local": "pista_salto",
    "tipo": "NORMAL",
    "concluida": true,
    "relatorio_treino": ""
  }
},
{
  "model": "gateagora.aula",
  "pk": 35,
  "fields": {
    "empresa": 1,
    "aluno": 8,
    "cavalo": 27,
    "instrutor": 5,
    "data_hora": "2025-11-12T14:00:00Z",
    "local": "pista_salto",
    "tipo": "NORMAL",
    "concluida": true,
    "relatorio_treino": ""
  }
},
{
  "model": "gateagora.aula",
  "pk": 31,
  "fields": {
    "empresa": 1,
    "aluno": 9,
    "cavalo": 5,
    "instrutor": 5,
    "data_hora": "2025-11-12T18:30:00Z",
    "local": "pista_salto",
    "tipo": "NORMAL",
    "concluida": true,
    "relatorio_treino": ""
  }
},
{
  "model": "gateagora.aula",
  "pk": 32,
  "fields": {
    "empresa": 1,
    "aluno": 8,
    "cavalo": 16,
    "instrutor": 5,
    "data_hora": "2025-11-12T20:00:00Z",
    "local": "picadeiro_2",
    "tipo": "NORMAL",
    "concluida": true,
    "relatorio_treino": ""
  }
},
{
  "model": "gateagora.aula",
  "pk": 39,
  "fields": {
    "empresa": 1,
    "aluno": 14,
    "cavalo": 7,
    "instrutor": 5,
    "data_hora": "2025-11-13T11:00:00Z",
    "local": "picadeiro_1",
    "tipo": "NORMAL",
    "concluida": true,
    "relatorio_treino": ""
  }
},
{
  "model": "gateagora.aula",
  "pk": 37,
  "fields": {
    "empresa": 1,
    "aluno": 3,
    "cavalo": 20,
    "instrutor": 5,
    "data_hora": "2025-11-13T12:30:00Z",
    "local": "picadeiro_2",
    "tipo": "NORMAL",
    "concluida": true,
    "relatorio_treino": ""
  }
},
{
  "model": "gateagora.aula",
  "pk": 36,
  "fields": {
    "empresa": 1,
    "aluno": 11,
    "cavalo": 26,
    "instrutor": 5,
    "data_hora": "2025-11-13T14:00:00Z",
    "local": "picadeiro_1",
    "tipo": "NORMAL",
    "concluida": true,
    "relatorio_treino": ""
  }
},
{
  "model": "gateagora.aula",
  "pk": 38,
  "fields": {
    "empresa": 1,
    "aluno": 12,
    "cavalo": 5,
    "instrutor": 5,
    "data_hora": "2025-11-13T20:00:00Z",
    "local": "picadeiro_1",
    "tipo": "NORMAL",
    "concluida": true,
    "relatorio_treino": ""
  }
},
{
  "model": "gateagora.aula",
  "pk": 42,
  "fields": {
    "empresa": 1,
    "aluno": 14,
    "cavalo": 20,
    "instrutor": 5,
    "data_hora": "2025-11-14T12:30:00Z",
    "local": "pista_salto",
    "tipo": "NORMAL",
    "concluida": true,
    "relatorio_treino": ""
  }
},
{
  "model": "gateagora.aula",
  "pk": 41,
  "fields": {
    "empresa": 1,
    "aluno": 12,
    "cavalo": 19,
    "instrutor": 5,
    "data_hora": "2025-11-14T14:00:00Z",
    "local": "picadeiro_1",
    "tipo": "NORMAL",
    "concluida": true,
    "relatorio_treino": ""
  }
},
{
  "model": "gateagora.aula",
  "pk": 40,
  "fields": {
    "empresa": 1,
    "aluno": 12,
    "cavalo": 5,
    "instrutor": 5,
    "data_hora": "2025-11-14T18:30:00Z",
    "local": "picadeiro_1",
    "tipo": "NORMAL",
    "concluida": true,
    "relatorio_treino": ""
  }
},
{
  "model": "gateagora.aula",
  "pk": 44,
  "fields": {
    "empresa": 1,
    "aluno": 11,
    "cavalo": 8,
    "instrutor": 5,
    "data_hora": "2025-11-15T18:30:00Z",
    "local": "picadeiro_1",
    "tipo": "NORMAL",
    "concluida": true,
    "relatorio_treino": ""
  }
},
{
  "model": "gateagora.aula",
  "pk": 43,
  "fields": {
    "empresa": 1,
    "aluno": 11,
    "cavalo": 7,
    "instrutor": 5,
    "data_hora": "2025-11-15T20:00:00Z",
    "local": "picadeiro_1",
    "tipo": "NORMAL",
    "concluida": true,
    "relatorio_treino": ""
  }
},
{
  "model": "gateagora.aula",
  "pk": 47,
  "fields": {
    "empresa": 1,
    "aluno": 14,
    "cavalo": 17,
    "instrutor": 5,
    "data_hora": "2025-11-17T12:30:00Z",
    "local": "picadeiro_1",
    "tipo": "NORMAL",
    "concluida": true,
    "relatorio_treino": ""
  }
},
{
  "model": "gateagora.aula",
  "pk": 45,
  "fields": {
    "empresa": 1,
    "aluno": 4,
    "cavalo": 22,
    "instrutor": 5,
    "data_hora": "2025-11-17T14:00:00Z",
    "local": "picadeiro_1",
    "tipo": "NORMAL",
    "concluida": true,
    "relatorio_treino": ""
  }
},
{
  "model": "gateagora.aula",
  "pk": 46,
  "fields": {
    "empresa": 1,
    "aluno": 3,
    "cavalo": 17,
    "instrutor": 5,
    "data_hora": "2025-11-17T20:00:00Z",
    "local": "pista_salto",
    "tipo": "NORMAL",
    "concluida": true,
    "relatorio_treino": ""
  }
},
{
  "model": "gateagora.aula",
  "pk": 49,
  "fields": {
    "empresa": 1,
    "aluno": 12,
    "cavalo": 9,
    "instrutor": 5,
    "data_hora": "2025-11-18T17:00:00Z",
    "local": "pista_salto",
    "tipo": "NORMAL",
    "concluida": true,
    "relatorio_treino": ""
  }
},
{
  "model": "gateagora.aula",
  "pk": 48,
  "fields": {
    "empresa": 1,
    "aluno": 11,
    "cavalo": 3,
    "instrutor": 5,
    "data_hora": "2025-11-18T20:00:00Z",
    "local": "picadeiro_1",
    "tipo": "NORMAL",
    "concluida": true,
    "relatorio_treino": ""
  }
},
{
  "model": "gateagora.aula",
  "pk": 50,
  "fields": {
    "empresa": 1,
    "aluno": 7,
    "cavalo": 8,
    "instrutor": 5,
    "data_hora": "2025-11-19T12:30:00Z",
    "local": "picadeiro_1",
    "tipo": "NORMAL",
    "concluida": true,
    "relatorio_treino": ""
  }
},
{
  "model": "gateagora.aula",
  "pk": 53,
  "fields": {
    "empresa": 1,
    "aluno": 15,
    "cavalo": 10,
    "instrutor": 5,
    "data_hora": "2025-11-19T14:00:00Z",
    "local": "picadeiro_2",
    "tipo": "NORMAL",
    "concluida": true,
    "relatorio_treino": ""
  }
},
{
  "model": "gateagora.aula",
  "pk": 51,
  "fields": {
    "empresa": 1,
    "aluno": 4,
    "cavalo": 10,
    "instrutor": 5,
    "data_hora": "2025-11-19T17:00:00Z",
    "local": "pista_salto",
    "tipo": "NORMAL",
    "concluida": true,
    "relatorio_treino": ""
  }
},
{
  "model": "gateagora.aula",
  "pk": 52,
  "fields": {
    "empresa": 1,
    "aluno": 7,
    "cavalo": 24,
    "instrutor": 5,
    "data_hora": "2025-11-19T18:30:00Z",
    "local": "pista_salto",
    "tipo": "NORMAL",
    "concluida": true,
    "relatorio_treino": ""
  }
},
{
  "model": "gateagora.aula",
  "pk": 54,
  "fields": {
    "empresa": 1,
    "aluno": 7,
    "cavalo": 23,
    "instrutor": 5,
    "data_hora": "2025-11-20T11:00:00Z",
    "local": "picadeiro_1",
    "tipo": "NORMAL",
    "concluida": true,
    "relatorio_treino": ""
  }
},
{
  "model": "gateagora.aula",
  "pk": 55,
  "fields": {
    "empresa": 1,
    "aluno": 3,
    "cavalo": 16,
    "instrutor": 5,
    "data_hora": "2025-11-20T14:00:00Z",
    "local": "pista_salto",
    "tipo": "NORMAL",
    "concluida": true,
    "relatorio_treino": ""
  }
},
{
  "model": "gateagora.aula",
  "pk": 56,
  "fields": {
    "empresa": 1,
    "aluno": 8,
    "cavalo": 23,
    "instrutor": 5,
    "data_hora": "2025-11-20T18:30:00Z",
    "local": "pista_salto",
    "tipo": "NORMAL",
    "concluida": true,
    "relatorio_treino": ""
  }
},
{
  "model": "gateagora.aula",
  "pk": 60,
  "fields": {
    "empresa": 1,
    "aluno": 9,
    "cavalo": 7,
    "instrutor": 5,
    "data_hora": "2025-11-21T11:00:00Z",
    "local": "picadeiro_2",
    "tipo": "NORMAL",
    "concluida": true,
    "relatorio_treino": ""
  }
},
{
  "model": "gateagora.aula",
  "pk": 58,
  "fields": {
    "empresa": 1,
    "aluno": 4,
    "cavalo": 22,
    "instrutor": 5,
    "data_hora": "2025-11-21T12:30:00Z",
    "local": "picadeiro_2",
    "tipo": "NORMAL",
    "concluida": true,
    "relatorio_treino": ""
  }
},
{
  "model": "gateagora.aula",
  "pk": 61,
  "fields": {
    "empresa": 1,
    "aluno": 7,
    "cavalo": 31,
    "instrutor": 5,
    "data_hora": "2025-11-21T14:00:00Z",
    "local": "picadeiro_1",
    "tipo": "NORMAL",
    "concluida": true,
    "relatorio_treino": ""
  }
},
{
  "model": "gateagora.aula",
  "pk": 57,
  "fields": {
    "empresa": 1,
    "aluno": 13,
    "cavalo": 2,
    "instrutor": 5,
    "data_hora": "2025-11-21T18:30:00Z",
    "local": "picadeiro_1",
    "tipo": "NORMAL",
    "concluida": true,
    "relatorio_treino": ""
  }
},
{
  "model": "gateagora.aula",
  "pk": 59,
  "fields": {
    "empresa": 1,
    "aluno": 3,
    "cavalo": 16,
    "instrutor": 5,
    "data_hora": "2025-11-21T20:00:00Z",
    "local": "picadeiro_2",
    "tipo": "NORMAL",
    "concluida": true,
    "relatorio_treino": ""
  }
},
{
  "model": "gateagora.aula",
  "pk": 63,
  "fields": {
    "empresa": 1,
    "aluno": 3,
    "cavalo": 13,
    "instrutor": 5,
    "data_hora": "2025-11-22T14:00:00Z",
    "local": "picadeiro_2",
    "tipo": "NORMAL",
    "concluida": true,
    "relatorio_treino": ""
  }
},
{
  "model": "gateagora.aula",
  "pk": 62,
  "fields": {
    "empresa": 1,
    "aluno": 10,
    "cavalo": 15,
    "instrutor": 5,
    "data_hora": "2025-11-22T17:00:00Z",
    "local": "picadeiro_1",
    "tipo": "NORMAL",
    "concluida": true,
    "relatorio_treino": ""
  }
},
{
  "model": "gateagora.aula",
  "pk": 64,
  "fields": {
    "empresa": 1,
    "aluno": 12,
    "cavalo": 18,
    "instrutor": 5,
    "data_hora": "2025-11-22T18:30:00Z",
    "local": "picadeiro_1",
    "tipo": "NORMAL",
    "concluida": true,
    "relatorio_treino": ""
  }
},
{
  "model": "gateagora.aula",
  "pk": 65,
  "fields": {
    "empresa": 1,
    "aluno": 15,
    "cavalo": 22,
    "instrutor": 5,
    "data_hora": "2025-11-24T14:00:00Z",
    "local": "picadeiro_1",
    "tipo": "NORMAL",
    "concluida": true,
    "relatorio_treino": ""
  }
},
{
  "model": "gateagora.aula",
  "pk": 67,
  "fields": {
    "empresa": 1,
    "aluno": 2,
    "cavalo": 17,
    "instrutor": 5,
    "data_hora": "2025-11-24T17:00:00Z",
    "local": "picadeiro_1",
    "tipo": "NORMAL",
    "concluida": true,
    "relatorio_treino": ""
  }
},
{
  "model": "gateagora.aula",
  "pk": 66,
  "fields": {
    "empresa": 1,
    "aluno": 8,
    "cavalo": 17,
    "instrutor": 5,
    "data_hora": "2025-11-24T18:30:00Z",
    "local": "picadeiro_1",
    "tipo": "NORMAL",
    "concluida": true,
    "relatorio_treino": ""
  }
},
{
  "model": "gateagora.aula",
  "pk": 68,
  "fields": {
    "empresa": 1,
    "aluno": 8,
    "cavalo": 28,
    "instrutor": 5,
    "data_hora": "2025-11-24T20:00:00Z",
    "local": "picadeiro_2",
    "tipo": "NORMAL",
    "concluida": true,
    "relatorio_treino": ""
  }
},
{
  "model": "gateagora.aula",
  "pk": 71,
  "fields": {
    "empresa": 1,
    "aluno": 15,
    "cavalo": 13,
    "instrutor": 5,
    "data_hora": "2025-11-25T11:00:00Z",
    "local": "picadeiro_2",
    "tipo": "NORMAL",
    "concluida": true,
    "relatorio_treino": ""
  }
},
{
  "model": "gateagora.aula",
  "pk": 72,
  "fields": {
    "empresa": 1,
    "aluno": 13,
    "cavalo": 5,
    "instrutor": 5,
    "data_hora": "2025-11-25T12:30:00Z",
    "local": "pista_salto",
    "tipo": "NORMAL",
    "concluida": true,
    "relatorio_treino": ""
  }
},
{
  "model": "gateagora.aula",
  "pk": 69,
  "fields": {
    "empresa": 1,
    "aluno": 2,
    "cavalo": 13,
    "instrutor": 5,
    "data_hora": "2025-11-25T17:00:00Z",
    "local": "picadeiro_2",
    "tipo": "NORMAL",
    "concluida": true,
    "relatorio_treino": ""
  }
},
{
  "model": "gateagora.aula",
  "pk": 70,
  "fields": {
    "empresa": 1,
    "aluno": 7,
    "cavalo": 28,
    "instrutor": 5,
    "data_hora": "2025-11-25T18:30:00Z",
    "local": "picadeiro_1",
    "tipo": "NORMAL",
    "concluida": true,
    "relatorio_treino": ""
  }
},
{
  "model": "gateagora.aula",
  "pk": 75,
  "fields": {
    "empresa": 1,
    "aluno": 4,
    "cavalo": 19,
    "instrutor": 5,
    "data_hora": "2025-11-26T11:00:00Z",
    "local": "pista_salto",
    "tipo": "NORMAL",
    "concluida": true,
    "relatorio_treino": ""
  }
},
{
  "model": "gateagora.aula",
  "pk": 74,
  "fields": {
    "empresa": 1,
    "aluno": 13,
    "cavalo": 21,
    "instrutor": 5,
    "data_hora": "2025-11-26T14:00:00Z",
    "local": "picadeiro_2",
    "tipo": "NORMAL",
    "concluida": true,
    "relatorio_treino": ""
  }
},
{
  "model": "gateagora.aula",
  "pk": 73,
  "fields": {
    "empresa": 1,
    "aluno": 11,
    "cavalo": 20,
    "instrutor": 5,
    "data_hora": "2025-11-26T18:30:00Z",
    "local": "pista_salto",
    "tipo": "NORMAL",
    "concluida": true,
    "relatorio_treino": ""
  }
},
{
  "model": "gateagora.aula",
  "pk": 76,
  "fields": {
    "empresa": 1,
    "aluno": 9,
    "cavalo": 13,
    "instrutor": 5,
    "data_hora": "2025-11-26T20:00:00Z",
    "local": "picadeiro_2",
    "tipo": "NORMAL",
    "concluida": true,
    "relatorio_treino": ""
  }
},
{
  "model": "gateagora.aula",
  "pk": 81,
  "fields": {
    "empresa": 1,
    "aluno": 9,
    "cavalo": 6,
    "instrutor": 5,
    "data_hora": "2025-11-27T11:00:00Z",
    "local": "picadeiro_2",
    "tipo": "NORMAL",
    "concluida": true,
    "relatorio_treino": ""
  }
},
{
  "model": "gateagora.aula",
  "pk": 78,
  "fields": {
    "empresa": 1,
    "aluno": 13,
    "cavalo": 21,
    "instrutor": 5,
    "data_hora": "2025-11-27T12:30:00Z",
    "local": "picadeiro_2",
    "tipo": "NORMAL",
    "concluida": true,
    "relatorio_treino": ""
  }
},
{
  "model": "gateagora.aula",
  "pk": 79,
  "fields": {
    "empresa": 1,
    "aluno": 14,
    "cavalo": 29,
    "instrutor": 5,
    "data_hora": "2025-11-27T14:00:00Z",
    "local": "pista_salto",
    "tipo": "NORMAL",
    "concluida": true,
    "relatorio_treino": ""
  }
},
{
  "model": "gateagora.aula",
  "pk": 80,
  "fields": {
    "empresa": 1,
    "aluno": 10,
    "cavalo": 31,
    "instrutor": 5,
    "data_hora": "2025-11-27T18:30:00Z",
    "local": "pista_salto",
    "tipo": "NORMAL",
    "concluida": true,
    "relatorio_treino": ""
  }
},
{
  "model": "gateagora.aula",
  "pk": 77,
  "fields": {
    "empresa": 1,
    "aluno": 11,
    "cavalo": 19,
    "instrutor": 5,
    "data_hora": "2025-11-27T20:00:00Z",
    "local": "picadeiro_1",
    "tipo": "NORMAL",
    "concluida": true,
    "relatorio_treino": ""
  }
},
{
  "model": "gateagora.aula",
  "pk": 82,
  "fields": {
    "empresa": 1,
    "aluno": 10,
    "cavalo": 10,
    "instrutor": 5,
    "data_hora": "2025-11-28T11:00:00Z",
    "local": "picadeiro_1",
    "tipo": "NORMAL",
    "concluida": true,
    "relatorio_treino": ""
  }
},
{
  "model": "gateagora.aula",
  "pk": 83,
  "fields": {
    "empresa": 1,
    "aluno": 7,
    "cavalo": 16,
    "instrutor": 5,
    "data_hora": "2025-11-28T12:30:00Z",
    "local": "picadeiro_2",
    "tipo": "NORMAL",
    "concluida": true,
    "relatorio_treino": ""
  }
},
{
  "model": "gateagora.aula",
  "pk": 84,
  "fields": {
    "empresa": 1,
    "aluno": 2,
    "cavalo": 5,
    "instrutor": 5,
    "data_hora": "2025-11-28T14:00:00Z",
    "local": "picadeiro_2",
    "tipo": "NORMAL",
    "concluida": true,
    "relatorio_treino": ""
  }
},
{
  "model": "gateagora.aula",
  "pk": 85,
  "fields": {
    "empresa": 1,
    "aluno": 13,
    "cavalo": 13,
    "instrutor": 5,
    "data_hora": "2025-11-28T20:00:00Z",
    "local": "pista_salto",
    "tipo": "NORMAL",
    "concluida": true,
    "relatorio_treino": ""
  }
},
{
  "model": "gateagora.aula",
  "pk": 89,
  "fields": {
    "empresa": 1,
    "aluno": 14,
    "cavalo": 9,
    "instrutor": 5,
    "data_hora": "2025-11-29T11:00:00Z",
    "local": "picadeiro_2",
    "tipo": "NORMAL",
    "concluida": true,
    "relatorio_treino": ""
  }
},
{
  "model": "gateagora.aula",
  "pk": 88,
  "fields": {
    "empresa": 1,
    "aluno": 15,
    "cavalo": 16,
    "instrutor": 5,
    "data_hora": "2025-11-29T12:30:00Z",
    "local": "picadeiro_1",
    "tipo": "NORMAL",
    "concluida": true,
    "relatorio_treino": ""
  }
},
{
  "model": "gateagora.aula",
  "pk": 90,
  "fields": {
    "empresa": 1,
    "aluno": 3,
    "cavalo": 21,
    "instrutor": 5,
    "data_hora": "2025-11-29T14:00:00Z",
    "local": "picadeiro_2",
    "tipo": "NORMAL",
    "concluida": true,
    "relatorio_treino": ""
  }
},
{
  "model": "gateagora.aula",
  "pk": 86,
  "fields": {
    "empresa": 1,
    "aluno": 8,
    "cavalo": 28,
    "instrutor": 5,
    "data_hora": "2025-11-29T17:00:00Z",
    "local": "picadeiro_1",
    "tipo": "NORMAL",
    "concluida": true,
    "relatorio_treino": ""
  }
},
{
  "model": "gateagora.aula",
  "pk": 87,
  "fields": {
    "empresa": 1,
    "aluno": 9,
    "cavalo": 30,
    "instrutor": 5,
    "data_hora": "2025-11-29T20:00:00Z",
    "local": "picadeiro_1",
    "tipo": "NORMAL",
    "concluida": true,
    "relatorio_treino": ""
  }
},
{
  "model": "gateagora.aula",
  "pk": 93,
  "fields": {
    "empresa": 1,
    "aluno": 14,
    "cavalo": 16,
    "instrutor": 5,
    "data_hora": "2025-12-01T12:30:00Z",
    "local": "picadeiro_2",
    "tipo": "NORMAL",
    "concluida": true,
    "relatorio_treino": ""
  }
},
{
  "model": "gateagora.aula",
  "pk": 94,
  "fields": {
    "empresa": 1,
    "aluno": 14,
    "cavalo": 5,
    "instrutor": 5,
    "data_hora": "2025-12-01T14:00:00Z",
    "local": "pista_salto",
    "tipo": "NORMAL",
    "concluida": true,
    "relatorio_treino": ""
  }
},
{
  "model": "gateagora.aula",
  "pk": 92,
  "fields": {
    "empresa": 1,
    "aluno": 3,
    "cavalo": 18,
    "instrutor": 5,
    "data_hora": "2025-12-01T17:00:00Z",
    "local": "pista_salto",
    "tipo": "NORMAL",
    "concluida": true,
    "relatorio_treino": ""
  }
},
{
  "model": "gateagora.aula",
  "pk": 91,
  "fields": {
    "empresa": 1,
    "aluno": 14,
    "cavalo": 17,
    "instrutor": 5,
    "data_hora": "2025-12-01T18:30:00Z",
    "local": "picadeiro_1",
    "tipo": "NORMAL",
    "concluida": true,
    "relatorio_treino": ""
  }
},
{
  "model": "gateagora.aula",
  "pk": 95,
  "fields": {
    "empresa": 1,
    "aluno": 11,
    "cavalo": 16,
    "instrutor": 5,
    "data_hora": "2025-12-01T20:00:00Z",
    "local": "picadeiro_2",
    "tipo": "NORMAL",
    "concluida": true,
    "relatorio_treino": ""
  }
},
{
  "model": "gateagora.aula",
  "pk": 98,
  "fields": {
    "empresa": 1,
    "aluno": 10,
    "cavalo": 5,
    "instrutor": 5,
    "data_hora": "2025-12-02T11:00:00Z",
    "local": "picadeiro_2",
    "tipo": "NORMAL",
    "concluida": true,
    "relatorio_treino": ""
  }
},
{
  "model": "gateagora.aula",
  "pk": 96,
  "fields": {
    "empresa": 1,
    "aluno": 9,
    "cavalo": 15,
    "instrutor": 5,
    "data_hora": "2025-12-02T14:00:00Z",
    "local": "picadeiro_2",
    "tipo": "NORMAL",
    "concluida": true,
    "relatorio_treino": ""
  }
},
{
  "model": "gateagora.aula",
  "pk": 99,
  "fields": {
    "empresa": 1,
    "aluno": 13,
    "cavalo": 22,
    "instrutor": 5,
    "data_hora": "2025-12-02T17:00:00Z",
    "local": "pista_salto",
    "tipo": "NORMAL",
    "concluida": true,
    "relatorio_treino": ""
  }
},
{
  "model": "gateagora.aula",
  "pk": 97,
  "fields": {
    "empresa": 1,
    "aluno": 4,
    "cavalo": 10,
    "instrutor": 5,
    "data_hora": "2025-12-02T18:30:00Z",
    "local": "pista_salto",
    "tipo": "NORMAL",
    "concluida": true,
    "relatorio_treino": ""
  }
},
{
  "model": "gateagora.aula",
  "pk": 101,
  "fields": {
    "empresa": 1,
    "aluno": 13,
    "cavalo": 31,
    "instrutor": 5,
    "data_hora": "2025-12-03T11:00:00Z",
    "local": "picadeiro_1",
    "tipo": "NORMAL",
    "concluida": true,
    "relatorio_treino": ""
  }
},
{
  "model": "gateagora.aula",
  "pk": 102,
  "fields": {
    "empresa": 1,
    "aluno": 12,
    "cavalo": 20,
    "instrutor": 5,
    "data_hora": "2025-12-03T12:30:00Z",
    "local": "picadeiro_2",
    "tipo": "NORMAL",
    "concluida": true,
    "relatorio_treino": ""
  }
},
{
  "model": "gateagora.aula",
  "pk": 104,
  "fields": {
    "empresa": 1,
    "aluno": 10,
    "cavalo": 18,
    "instrutor": 5,
    "data_hora": "2025-12-03T14:00:00Z",
    "local": "picadeiro_2",
    "tipo": "NORMAL",
    "concluida": true,
    "relatorio_treino": ""
  }
},
{
  "model": "gateagora.aula",
  "pk": 100,
  "fields": {
    "empresa": 1,
    "aluno": 2,
    "cavalo": 2,
    "instrutor": 5,
    "data_hora": "2025-12-03T17:00:00Z",
    "local": "pista_salto",
    "tipo": "NORMAL",
    "concluida": true,
    "relatorio_treino": ""
  }
},
{
  "model": "gateagora.aula",
  "pk": 103,
  "fields": {
    "empresa": 1,
    "aluno": 13,
    "cavalo": 15,
    "instrutor": 5,
    "data_hora": "2025-12-03T20:00:00Z",
    "local": "picadeiro_2",
    "tipo": "NORMAL",
    "concluida": true,
    "relatorio_treino": ""
  }
},
{
  "model": "gateagora.aula",
  "pk": 105,
  "fields": {
    "empresa": 1,
    "aluno": 4,
    "cavalo": 11,
    "instrutor": 5,
    "data_hora": "2025-12-04T11:00:00Z",
    "local": "picadeiro_2",
    "tipo": "NORMAL",
    "concluida": true,
    "relatorio_treino": ""
  }
},
{
  "model": "gateagora.aula",
  "pk": 109,
  "fields": {
    "empresa": 1,
    "aluno": 14,
    "cavalo": 12,
    "instrutor": 5,
    "data_hora": "2025-12-04T12:30:00Z",
    "local": "picadeiro_1",
    "tipo": "NORMAL",
    "concluida": true,
    "relatorio_treino": ""
  }
},
{
  "model": "gateagora.aula",
  "pk": 107,
  "fields": {
    "empresa": 1,
    "aluno": 2,
    "cavalo": 2,
    "instrutor": 5,
    "data_hora": "2025-12-04T14:00:00Z",
    "local": "picadeiro_1",
    "tipo": "NORMAL",
    "concluida": true,
    "relatorio_treino": ""
  }
},
{
  "model": "gateagora.aula",
  "pk": 106,
  "fields": {
    "empresa": 1,
    "aluno": 9,
    "cavalo": 2,
    "instrutor": 5,
    "data_hora": "2025-12-04T17:00:00Z",
    "local": "picadeiro_2",
    "tipo": "NORMAL",
    "concluida": true,
    "relatorio_treino": ""
  }
},
{
  "model": "gateagora.aula",
  "pk": 108,
  "fields": {
    "empresa": 1,
    "aluno": 3,
    "cavalo": 28,
    "instrutor": 5,
    "data_hora": "2025-12-04T18:30:00Z",
    "local": "picadeiro_1",
    "tipo": "NORMAL",
    "concluida": true,
    "relatorio_treino": ""
  }
},
{
  "model": "gateagora.aula",
  "pk": 112,
  "fields": {
    "empresa": 1,
    "aluno": 8,
    "cavalo": 31,
    "instrutor": 5,
    "data_hora": "2025-12-05T12:30:00Z",
    "local": "picadeiro_1",
    "tipo": "NORMAL",
    "concluida": true,
    "relatorio_treino": ""
  }
},
{
  "model": "gateagora.aula",
  "pk": 111,
  "fields": {
    "empresa": 1,
    "aluno": 11,
    "cavalo": 27,
    "instrutor": 5,
    "data_hora": "2025-12-05T14:00:00Z",
    "local": "picadeiro_2",
    "tipo": "NORMAL",
    "concluida": true,
    "relatorio_treino": ""
  }
},
{
  "model": "gateagora.aula",
  "pk": 110,
  "fields": {
    "empresa": 1,
    "aluno": 12,
    "cavalo": 22,
    "instrutor": 5,
    "data_hora": "2025-12-05T17:00:00Z",
    "local": "picadeiro_2",
    "tipo": "NORMAL",
    "concluida": true,
    "relatorio_treino": ""
  }
},
{
  "model": "gateagora.aula",
  "pk": 113,
  "fields": {
    "empresa": 1,
    "aluno": 4,
    "cavalo": 4,
    "instrutor": 5,
    "data_hora": "2025-12-05T20:00:00Z",
    "local": "picadeiro_2",
    "tipo": "NORMAL",
    "concluida": true,
    "relatorio_treino": ""
  }
},
{
  "model": "gateagora.aula",
  "pk": 115,
  "fields": {
    "empresa": 1,
    "aluno": 7,
    "cavalo": 10,
    "instrutor": 5,
    "data_hora": "2025-12-06T11:00:00Z",
    "local": "picadeiro_1",
    "tipo": "NORMAL",
    "concluida": true,
    "relatorio_treino": ""
  }
},
{
  "model": "gateagora.aula",
  "pk": 116,
  "fields": {
    "empresa": 1,
    "aluno": 9,
    "cavalo": 31,
    "instrutor": 5,
    "data_hora": "2025-12-06T18:30:00Z",
    "local": "pista_salto",
    "tipo": "NORMAL",
    "concluida": true,
    "relatorio_treino": ""
  }
},
{
  "model": "gateagora.aula",
  "pk": 114,
  "fields": {
    "empresa": 1,
    "aluno": 7,
    "cavalo": 16,
    "instrutor": 5,
    "data_hora": "2025-12-06T20:00:00Z",
    "local": "picadeiro_1",
    "tipo": "NORMAL",
    "concluida": true,
    "relatorio_treino": ""
  }
},
{
  "model": "gateagora.aula",
  "pk": 118,
  "fields": {
    "empresa": 1,
    "aluno": 9,
    "cavalo": 8,
    "instrutor": 5,
    "data_hora": "2025-12-08T12:30:00Z",
    "local": "picadeiro_1",
    "tipo": "NORMAL",
    "concluida": true,
    "relatorio_treino": ""
  }
},
{
  "model": "gateagora.aula",
  "pk": 117,
  "fields": {
    "empresa": 1,
    "aluno": 14,
    "cavalo": 17,
    "instrutor": 5,
    "data_hora": "2025-12-08T18:30:00Z",
    "local": "picadeiro_2",
    "tipo": "NORMAL",
    "concluida": true,
    "relatorio_treino": ""
  }
},
{
  "model": "gateagora.aula",
  "pk": 119,
  "fields": {
    "empresa": 1,
    "aluno": 2,
    "cavalo": 25,
    "instrutor": 5,
    "data_hora": "2025-12-09T11:00:00Z",
    "local": "picadeiro_2",
    "tipo": "NORMAL",
    "concluida": true,
    "relatorio_treino": ""
  }
},
{
  "model": "gateagora.aula",
  "pk": 122,
  "fields": {
    "empresa": 1,
    "aluno": 4,
    "cavalo": 20,
    "instrutor": 5,
    "data_hora": "2025-12-09T12:30:00Z",
    "local": "pista_salto",
    "tipo": "NORMAL",
    "concluida": true,
    "relatorio_treino": ""
  }
},
{
  "model": "gateagora.aula",
  "pk": 120,
  "fields": {
    "empresa": 1,
    "aluno": 4,
    "cavalo": 13,
    "instrutor": 5,
    "data_hora": "2025-12-09T18:30:00Z",
    "local": "picadeiro_1",
    "tipo": "NORMAL",
    "concluida": true,
    "relatorio_treino": ""
  }
},
{
  "model": "gateagora.aula",
  "pk": 121,
  "fields": {
    "empresa": 1,
    "aluno": 2,
    "cavalo": 16,
    "instrutor": 5,
    "data_hora": "2025-12-09T20:00:00Z",
    "local": "picadeiro_1",
    "tipo": "NORMAL",
    "concluida": true,
    "relatorio_treino": ""
  }
},
{
  "model": "gateagora.aula",
  "pk": 124,
  "fields": {
    "empresa": 1,
    "aluno": 12,
    "cavalo": 5,
    "instrutor": 5,
    "data_hora": "2025-12-10T11:00:00Z",
    "local": "pista_salto",
    "tipo": "NORMAL",
    "concluida": true,
    "relatorio_treino": ""
  }
},
{
  "model": "gateagora.aula",
  "pk": 123,
  "fields": {
    "empresa": 1,
    "aluno": 12,
    "cavalo": 28,
    "instrutor": 5,
    "data_hora": "2025-12-10T18:30:00Z",
    "local": "pista_salto",
    "tipo": "NORMAL",
    "concluida": true,
    "relatorio_treino": ""
  }
},
{
  "model": "gateagora.aula",
  "pk": 125,
  "fields": {
    "empresa": 1,
    "aluno": 13,
    "cavalo": 24,
    "instrutor": 5,
    "data_hora": "2025-12-11T11:00:00Z",
    "local": "pista_salto",
    "tipo": "NORMAL",
    "concluida": true,
    "relatorio_treino": ""
  }
},
{
  "model": "gateagora.aula",
  "pk": 126,
  "fields": {
    "empresa": 1,
    "aluno": 14,
    "cavalo": 10,
    "instrutor": 5,
    "data_hora": "2025-12-11T17:00:00Z",
    "local": "picadeiro_2",
    "tipo": "NORMAL",
    "concluida": true,
    "relatorio_treino": ""
  }
},
{
  "model": "gateagora.aula",
  "pk": 127,
  "fields": {
    "empresa": 1,
    "aluno": 9,
    "cavalo": 18,
    "instrutor": 5,
    "data_hora": "2025-12-11T18:30:00Z",
    "local": "pista_salto",
    "tipo": "NORMAL",
    "concluida": true,
    "relatorio_treino": ""
  }
},
{
  "model": "gateagora.aula",
  "pk": 128,
  "fields": {
    "empresa": 1,
    "aluno": 15,
    "cavalo": 31,
    "instrutor": 5,
    "data_hora": "2025-12-11T20:00:00Z",
    "local": "picadeiro_2",
    "tipo": "NORMAL",
    "concluida": true,
    "relatorio_treino": ""
  }
},
{
  "model": "gateagora.aula",
  "pk": 133,
  "fields": {
    "empresa": 1,
    "aluno": 9,
    "cavalo": 32,
    "instrutor": 5,
    "data_hora": "2025-12-12T11:00:00Z",
    "local": "picadeiro_1",
    "tipo": "NORMAL",
    "concluida": true,
    "relatorio_treino": ""
  }
},
{
  "model": "gateagora.aula",
  "pk": 132,
  "fields": {
    "empresa": 1,
    "aluno": 7,
    "cavalo": 32,
    "instrutor": 5,
    "data_hora": "2025-12-12T12:30:00Z",
    "local": "picadeiro_2",
    "tipo": "NORMAL",
    "concluida": true,
    "relatorio_treino": ""
  }
},
{
  "model": "gateagora.aula",
  "pk": 131,
  "fields": {
    "empresa": 1,
    "aluno": 2,
    "cavalo": 25,
    "instrutor": 5,
    "data_hora": "2025-12-12T14:00:00Z",
    "local": "picadeiro_2",
    "tipo": "NORMAL",
    "concluida": true,
    "relatorio_treino": ""
  }
},
{
  "model": "gateagora.aula",
  "pk": 130,
  "fields": {
    "empresa": 1,
    "aluno": 10,
    "cavalo": 30,
    "instrutor": 5,
    "data_hora": "2025-12-12T18:30:00Z",
    "local": "pista_salto",
    "tipo": "NORMAL",
    "concluida": true,
    "relatorio_treino": ""
  }
},
{
  "model": "gateagora.aula",
  "pk": 129,
  "fields": {
    "empresa": 1,
    "aluno": 8,
    "cavalo": 18,
    "instrutor": 5,
    "data_hora": "2025-12-12T20:00:00Z",
    "local": "picadeiro_2",
    "tipo": "NORMAL",
    "concluida": true,
    "relatorio_treino": ""
  }
},
{
  "model": "gateagora.aula",
  "pk": 134,
  "fields": {
    "empresa": 1,
    "aluno": 4,
    "cavalo": 18,
    "instrutor": 5,
    "data_hora": "2025-12-13T14:00:00Z",
    "local": "pista_salto",
    "tipo": "NORMAL",
    "concluida": true,
    "relatorio_treino": ""
  }
},
{
  "model": "gateagora.aula",
  "pk": 137,
  "fields": {
    "empresa": 1,
    "aluno": 15,
    "cavalo": 16,
    "instrutor": 5,
    "data_hora": "2025-12-13T17:00:00Z",
    "local": "pista_salto",
    "tipo": "NORMAL",
    "concluida": true,
    "relatorio_treino": ""
  }
},
{
  "model": "gateagora.aula",
  "pk": 136,
  "fields": {
    "empresa": 1,
    "aluno": 10,
    "cavalo": 27,
    "instrutor": 5,
    "data_hora": "2025-12-13T18:30:00Z",
    "local": "picadeiro_2",
    "tipo": "NORMAL",
    "concluida": true,
    "relatorio_treino": ""
  }
},
{
  "model": "gateagora.aula",
  "pk": 135,
  "fields": {
    "empresa": 1,
    "aluno": 7,
    "cavalo": 13,
    "instrutor": 5,
    "data_hora": "2025-12-13T20:00:00Z",
    "local": "picadeiro_1",
    "tipo": "NORMAL",
    "concluida": true,
    "relatorio_treino": ""
  }
},
{
  "model": "gateagora.aula",
  "pk": 141,
  "fields": {
    "empresa": 1,
    "aluno": 15,
    "cavalo": 23,
    "instrutor": 5,
    "data_hora": "2025-12-15T11:00:00Z",
    "local": "picadeiro_2",
    "tipo": "NORMAL",
    "concluida": true,
    "relatorio_treino": ""
  }
},
{
  "model": "gateagora.aula",
  "pk": 142,
  "fields": {
    "empresa": 1,
    "aluno": 4,
    "cavalo": 22,
    "instrutor": 5,
    "data_hora": "2025-12-15T14:00:00Z",
    "local": "picadeiro_2",
    "tipo": "NORMAL",
    "concluida": true,
    "relatorio_treino": ""
  }
},
{
  "model": "gateagora.aula",
  "pk": 139,
  "fields": {
    "empresa": 1,
    "aluno": 4,
    "cavalo": 16,
    "instrutor": 5,
    "data_hora": "2025-12-15T17:00:00Z",
    "local": "picadeiro_2",
    "tipo": "NORMAL",
    "concluida": true,
    "relatorio_treino": ""
  }
},
{
  "model": "gateagora.aula",
  "pk": 140,
  "fields": {
    "empresa": 1,
    "aluno": 3,
    "cavalo": 24,
    "instrutor": 5,
    "data_hora": "2025-12-15T18:30:00Z",
    "local": "picadeiro_2",
    "tipo": "NORMAL",
    "concluida": true,
    "relatorio_treino": ""
  }
},
{
  "model": "gateagora.aula",
  "pk": 138,
  "fields": {
    "empresa": 1,
    "aluno": 11,
    "cavalo": 15,
    "instrutor": 5,
    "data_hora": "2025-12-15T20:00:00Z",
    "local": "picadeiro_2",
    "tipo": "NORMAL",
    "concluida": true,
    "relatorio_treino": ""
  }
},
{
  "model": "gateagora.aula",
  "pk": 146,
  "fields": {
    "empresa": 1,
    "aluno": 4,
    "cavalo": 19,
    "instrutor": 5,
    "data_hora": "2025-12-16T11:00:00Z",
    "local": "picadeiro_1",
    "tipo": "NORMAL",
    "concluida": true,
    "relatorio_treino": ""
  }
},
{
  "model": "gateagora.aula",
  "pk": 143,
  "fields": {
    "empresa": 1,
    "aluno": 4,
    "cavalo": 13,
    "instrutor": 5,
    "data_hora": "2025-12-16T14:00:00Z",
    "local": "picadeiro_2",
    "tipo": "NORMAL",
    "concluida": true,
    "relatorio_treino": ""
  }
},
{
  "model": "gateagora.aula",
  "pk": 147,
  "fields": {
    "empresa": 1,
    "aluno": 10,
    "cavalo": 19,
    "instrutor": 5,
    "data_hora": "2025-12-16T17:00:00Z",
    "local": "picadeiro_1",
    "tipo": "NORMAL",
    "concluida": true,
    "relatorio_treino": ""
  }
},
{
  "model": "gateagora.aula",
  "pk": 145,
  "fields": {
    "empresa": 1,
    "aluno": 10,
    "cavalo": 31,
    "instrutor": 5,
    "data_hora": "2025-12-16T18:30:00Z",
    "local": "picadeiro_2",
    "tipo": "NORMAL",
    "concluida": true,
    "relatorio_treino": ""
  }
},
{
  "model": "gateagora.aula",
  "pk": 144,
  "fields": {
    "empresa": 1,
    "aluno": 8,
    "cavalo": 12,
    "instrutor": 5,
    "data_hora": "2025-12-16T20:00:00Z",
    "local": "picadeiro_1",
    "tipo": "NORMAL",
    "concluida": true,
    "relatorio_treino": ""
  }
},
{
  "model": "gateagora.aula",
  "pk": 150,
  "fields": {
    "empresa": 1,
    "aluno": 11,
    "cavalo": 9,
    "instrutor": 5,
    "data_hora": "2025-12-17T11:00:00Z",
    "local": "pista_salto",
    "tipo": "NORMAL",
    "concluida": true,
    "relatorio_treino": ""
  }
},
{
  "model": "gateagora.aula",
  "pk": 148,
  "fields": {
    "empresa": 1,
    "aluno": 15,
    "cavalo": 9,
    "instrutor": 5,
    "data_hora": "2025-12-17T12:30:00Z",
    "local": "picadeiro_2",
    "tipo": "NORMAL",
    "concluida": true,
    "relatorio_treino": ""
  }
},
{
  "model": "gateagora.aula",
  "pk": 149,
  "fields": {
    "empresa": 1,
    "aluno": 7,
    "cavalo": 4,
    "instrutor": 5,
    "data_hora": "2025-12-17T14:00:00Z",
    "local": "pista_salto",
    "tipo": "NORMAL",
    "concluida": true,
    "relatorio_treino": ""
  }
},
{
  "model": "gateagora.aula",
  "pk": 151,
  "fields": {
    "empresa": 1,
    "aluno": 14,
    "cavalo": 7,
    "instrutor": 5,
    "data_hora": "2025-12-17T18:30:00Z",
    "local": "picadeiro_1",
    "tipo": "NORMAL",
    "concluida": true,
    "relatorio_treino": ""
  }
},
{
  "model": "gateagora.aula",
  "pk": 155,
  "fields": {
    "empresa": 1,
    "aluno": 2,
    "cavalo": 4,
    "instrutor": 5,
    "data_hora": "2025-12-18T12:30:00Z",
    "local": "picadeiro_1",
    "tipo": "NORMAL",
    "concluida": true,
    "relatorio_treino": ""
  }
},
{
  "model": "gateagora.aula",
  "pk": 152,
  "fields": {
    "empresa": 1,
    "aluno": 9,
    "cavalo": 4,
    "instrutor": 5,
    "data_hora": "2025-12-18T17:00:00Z",
    "local": "picadeiro_2",
    "tipo": "NORMAL",
    "concluida": true,
    "relatorio_treino": ""
  }
},
{
  "model": "gateagora.aula",
  "pk": 154,
  "fields": {
    "empresa": 1,
    "aluno": 13,
    "cavalo": 32,
    "instrutor": 5,
    "data_hora": "2025-12-18T18:30:00Z",
    "local": "picadeiro_1",
    "tipo": "NORMAL",
    "concluida": true,
    "relatorio_treino": ""
  }
},
{
  "model": "gateagora.aula",
  "pk": 153,
  "fields": {
    "empresa": 1,
    "aluno": 14,
    "cavalo": 8,
    "instrutor": 5,
    "data_hora": "2025-12-18T20:00:00Z",
    "local": "picadeiro_1",
    "tipo": "NORMAL",
    "concluida": true,
    "relatorio_treino": ""
  }
},
{
  "model": "gateagora.aula",
  "pk": 158,
  "fields": {
    "empresa": 1,
    "aluno": 13,
    "cavalo": 29,
    "instrutor": 5,
    "data_hora": "2025-12-19T11:00:00Z",
    "local": "picadeiro_2",
    "tipo": "NORMAL",
    "concluida": true,
    "relatorio_treino": ""
  }
},
{
  "model": "gateagora.aula",
  "pk": 157,
  "fields": {
    "empresa": 1,
    "aluno": 13,
    "cavalo": 15,
    "instrutor": 5,
    "data_hora": "2025-12-19T14:00:00Z",
    "local": "pista_salto",
    "tipo": "NORMAL",
    "concluida": true,
    "relatorio_treino": ""
  }
},
{
  "model": "gateagora.aula",
  "pk": 156,
  "fields": {
    "empresa": 1,
    "aluno": 10,
    "cavalo": 8,
    "instrutor": 5,
    "data_hora": "2025-12-19T18:30:00Z",
    "local": "pista_salto",
    "tipo": "NORMAL",
    "concluida": true,
    "relatorio_treino": ""
  }
},
{
  "model": "gateagora.aula",
  "pk": 161,
  "fields": {
    "empresa": 1,
    "aluno": 3,
    "cavalo": 14,
    "instrutor": 5,
    "data_hora": "2025-12-20T14:00:00Z",
    "local": "picadeiro_2",
    "tipo": "NORMAL",
    "concluida": true,
    "relatorio_treino": ""
  }
},
{
  "model": "gateagora.aula",
  "pk": 160,
  "fields": {
    "empresa": 1,
    "aluno": 4,
    "cavalo": 7,
    "instrutor": 5,
    "data_hora": "2025-12-20T17:00:00Z",
    "local": "picadeiro_1",
    "tipo": "NORMAL",
    "concluida": true,
    "relatorio_treino": ""
  }
},
{
  "model": "gateagora.aula",
  "pk": 159,
  "fields": {
    "empresa": 1,
    "aluno": 2,
    "cavalo": 4,
    "instrutor": 5,
    "data_hora": "2025-12-20T18:30:00Z",
    "local": "pista_salto",
    "tipo": "NORMAL",
    "concluida": true,
    "relatorio_treino": ""
  }
},
{
  "model": "gateagora.aula",
  "pk": 162,
  "fields": {
    "empresa": 1,
    "aluno": 3,
    "cavalo": 6,
    "instrutor": 5,
    "data_hora": "2025-12-20T20:00:00Z",
    "local": "picadeiro_1",
    "tipo": "NORMAL",
    "concluida": true,
    "relatorio_treino": ""
  }
},
{
  "model": "gateagora.aula",
  "pk": 165,
  "fields": {
    "empresa": 1,
    "aluno": 7,
    "cavalo": 15,
    "instrutor": 5,
    "data_hora": "2025-12-22T11:00:00Z",
    "local": "picadeiro_2",
    "tipo": "NORMAL",
    "concluida": true,
    "relatorio_treino": ""
  }
},
{
  "model": "gateagora.aula",
  "pk": 163,
  "fields": {
    "empresa": 1,
    "aluno": 9,
    "cavalo": 1,
    "instrutor": 5,
    "data_hora": "2025-12-22T12:30:00Z",
    "local": "picadeiro_2",
    "tipo": "NORMAL",
    "concluida": true,
    "relatorio_treino": ""
  }
},
{
  "model": "gateagora.aula",
  "pk": 164,
  "fields": {
    "empresa": 1,
    "aluno": 14,
    "cavalo": 31,
    "instrutor": 5,
    "data_hora": "2025-12-22T18:30:00Z",
    "local": "picadeiro_2",
    "tipo": "NORMAL",
    "concluida": true,
    "relatorio_treino": ""
  }
},
{
  "model": "gateagora.aula",
  "pk": 168,
  "fields": {
    "empresa": 1,
    "aluno": 8,
    "cavalo": 15,
    "instrutor": 5,
    "data_hora": "2025-12-23T11:00:00Z",
    "local": "pista_salto",
    "tipo": "NORMAL",
    "concluida": true,
    "relatorio_treino": ""
  }
},
{
  "model": "gateagora.aula",
  "pk": 169,
  "fields": {
    "empresa": 1,
    "aluno": 9,
    "cavalo": 18,
    "instrutor": 5,
    "data_hora": "2025-12-23T14:00:00Z",
    "local": "picadeiro_1",
    "tipo": "NORMAL",
    "concluida": true,
    "relatorio_treino": ""
  }
},
{
  "model": "gateagora.aula",
  "pk": 167,
  "fields": {
    "empresa": 1,
    "aluno": 2,
    "cavalo": 13,
    "instrutor": 5,
    "data_hora": "2025-12-23T17:00:00Z",
    "local": "picadeiro_2",
    "tipo": "NORMAL",
    "concluida": true,
    "relatorio_treino": ""
  }
},
{
  "model": "gateagora.aula",
  "pk": 166,
  "fields": {
    "empresa": 1,
    "aluno": 10,
    "cavalo": 17,
    "instrutor": 5,
    "data_hora": "2025-12-23T20:00:00Z",
    "local": "pista_salto",
    "tipo": "NORMAL",
    "concluida": true,
    "relatorio_treino": ""
  }
},
{
  "model": "gateagora.aula",
  "pk": 170,
  "fields": {
    "empresa": 1,
    "aluno": 11,
    "cavalo": 19,
    "instrutor": 5,
    "data_hora": "2025-12-24T11:00:00Z",
    "local": "picadeiro_2",
    "tipo": "NORMAL",
    "concluida": true,
    "relatorio_treino": ""
  }
},
{
  "model": "gateagora.aula",
  "pk": 171,
  "fields": {
    "empresa": 1,
    "aluno": 8,
    "cavalo": 30,
    "instrutor": 5,
    "data_hora": "2025-12-24T12:30:00Z",
    "local": "pista_salto",
    "tipo": "NORMAL",
    "concluida": true,
    "relatorio_treino": ""
  }
},
{
  "model": "gateagora.aula",
  "pk": 174,
  "fields": {
    "empresa": 1,
    "aluno": 4,
    "cavalo": 21,
    "instrutor": 5,
    "data_hora": "2025-12-25T14:00:00Z",
    "local": "pista_salto",
    "tipo": "NORMAL",
    "concluida": true,
    "relatorio_treino": ""
  }
},
{
  "model": "gateagora.aula",
  "pk": 173,
  "fields": {
    "empresa": 1,
    "aluno": 8,
    "cavalo": 3,
    "instrutor": 5,
    "data_hora": "2025-12-25T17:00:00Z",
    "local": "picadeiro_2",
    "tipo": "NORMAL",
    "concluida": true,
    "relatorio_treino": ""
  }
},
{
  "model": "gateagora.aula",
  "pk": 175,
  "fields": {
    "empresa": 1,
    "aluno": 11,
    "cavalo": 2,
    "instrutor": 5,
    "data_hora": "2025-12-25T18:30:00Z",
    "local": "picadeiro_1",
    "tipo": "NORMAL",
    "concluida": true,
    "relatorio_treino": ""
  }
},
{
  "model": "gateagora.aula",
  "pk": 172,
  "fields": {
    "empresa": 1,
    "aluno": 15,
    "cavalo": 32,
    "instrutor": 5,
    "data_hora": "2025-12-25T20:00:00Z",
    "local": "picadeiro_2",
    "tipo": "NORMAL",
    "concluida": true,
    "relatorio_treino": ""
  }
},
{
  "model": "gateagora.aula",
  "pk": 178,
  "fields": {
    "empresa": 1,
    "aluno": 15,
    "cavalo": 29,
    "instrutor": 5,
    "data_hora": "2025-12-26T11:00:00Z",
    "local": "picadeiro_2",
    "tipo": "NORMAL",
    "concluida": true,
    "relatorio_treino": ""
  }
},
{
  "model": "gateagora.aula",
  "pk": 177,
  "fields": {
    "empresa": 1,
    "aluno": 7,
    "cavalo": 12,
    "instrutor": 5,
    "data_hora": "2025-12-26T18:30:00Z",
    "local": "picadeiro_2",
    "tipo": "NORMAL",
    "concluida": true,
    "relatorio_treino": ""
  }
},
{
  "model": "gateagora.aula",
  "pk": 176,
  "fields": {
    "empresa": 1,
    "aluno": 3,
    "cavalo": 18,
    "instrutor": 5,
    "data_hora": "2025-12-26T20:00:00Z",
    "local": "pista_salto",
    "tipo": "NORMAL",
    "concluida": true,
    "relatorio_treino": ""
  }
},
{
  "model": "gateagora.aula",
  "pk": 180,
  "fields": {
    "empresa": 1,
    "aluno": 13,
    "cavalo": 22,
    "instrutor": 5,
    "data_hora": "2025-12-27T17:00:00Z",
    "local": "picadeiro_2",
    "tipo": "NORMAL",
    "concluida": true,
    "relatorio_treino": ""
  }
},
{
  "model": "gateagora.aula",
  "pk": 179,
  "fields": {
    "empresa": 1,
    "aluno": 8,
    "cavalo": 31,
    "instrutor": 5,
    "data_hora": "2025-12-27T18:30:00Z",
    "local": "picadeiro_2",
    "tipo": "NORMAL",
    "concluida": true,
    "relatorio_treino": ""
  }
},
{
  "model": "gateagora.aula",
  "pk": 181,
  "fields": {
    "empresa": 1,
    "aluno": 3,
    "cavalo": 7,
    "instrutor": 5,
    "data_hora": "2025-12-27T20:00:00Z",
    "local": "picadeiro_1",
    "tipo": "NORMAL",
    "concluida": true,
    "relatorio_treino": ""
  }
},
{
  "model": "gateagora.aula",
  "pk": 184,
  "fields": {
    "empresa": 1,
    "aluno": 12,
    "cavalo": 8,
    "instrutor": 5,
    "data_hora": "2025-12-29T14:00:00Z",
    "local": "picadeiro_2",
    "tipo": "NORMAL",
    "concluida": true,
    "relatorio_treino": ""
  }
},
{
  "model": "gateagora.aula",
  "pk": 182,
  "fields": {
    "empresa": 1,
    "aluno": 13,
    "cavalo": 3,
    "instrutor": 5,
    "data_hora": "2025-12-29T17:00:00Z",
    "local": "picadeiro_2",
    "tipo": "NORMAL",
    "concluida": true,
    "relatorio_treino": ""
  }
},
{
  "model": "gateagora.aula",
  "pk": 185,
  "fields": {
    "empresa": 1,
    "aluno": 15,
    "cavalo": 1,
    "instrutor": 5,
    "data_hora": "2025-12-29T18:30:00Z",
    "local": "pista_salto",
    "tipo": "NORMAL",
    "concluida": true,
    "relatorio_treino": ""
  }
},
{
  "model": "gateagora.aula",
  "pk": 183,
  "fields": {
    "empresa": 1,
    "aluno": 8,
    "cavalo": 21,
    "instrutor": 5,
    "data_hora": "2025-12-29T20:00:00Z",
    "local": "picadeiro_2",
    "tipo": "NORMAL",
    "concluida": true,
    "relatorio_treino": ""
  }
},
{
  "model": "gateagora.aula",
  "pk": 187,
  "fields": {
    "empresa": 1,
    "aluno": 14,
    "cavalo": 4,
    "instrutor": 5,
    "data_hora": "2025-12-30T11:00:00Z",
    "local": "picadeiro_1",
    "tipo": "NORMAL",
    "concluida": true,
    "relatorio_treino": ""
  }
},
{
  "model": "gateagora.aula",
  "pk": 188,
  "fields": {
    "empresa": 1,
    "aluno": 11,
    "cavalo": 9,
    "instrutor": 5,
    "data_hora": "2025-12-30T12:30:00Z",
    "local": "picadeiro_2",
    "tipo": "NORMAL",
    "concluida": true,
    "relatorio_treino": ""
  }
},
{
  "model": "gateagora.aula",
  "pk": 189,
  "fields": {
    "empresa": 1,
    "aluno": 14,
    "cavalo": 32,
    "instrutor": 5,
    "data_hora": "2025-12-30T14:00:00Z",
    "local": "picadeiro_1",
    "tipo": "NORMAL",
    "concluida": true,
    "relatorio_treino": ""
  }
},
{
  "model": "gateagora.aula",
  "pk": 186,
  "fields": {
    "empresa": 1,
    "aluno": 2,
    "cavalo": 32,
    "instrutor": 5,
    "data_hora": "2025-12-30T17:00:00Z",
    "local": "pista_salto",
    "tipo": "NORMAL",
    "concluida": true,
    "relatorio_treino": ""
  }
},
{
  "model": "gateagora.aula",
  "pk": 190,
  "fields": {
    "empresa": 1,
    "aluno": 7,
    "cavalo": 16,
    "instrutor": 5,
    "data_hora": "2025-12-30T20:00:00Z",
    "local": "pista_salto",
    "tipo": "NORMAL",
    "concluida": true,
    "relatorio_treino": ""
  }
},
{
  "model": "gateagora.aula",
  "pk": 193,
  "fields": {
    "empresa": 1,
    "aluno": 8,
    "cavalo": 10,
    "instrutor": 5,
    "data_hora": "2025-12-31T11:00:00Z",
    "local": "picadeiro_2",
    "tipo": "NORMAL",
    "concluida": true,
    "relatorio_treino": ""
  }
},
{
  "model": "gateagora.aula",
  "pk": 191,
  "fields": {
    "empresa": 1,
    "aluno": 15,
    "cavalo": 27,
    "instrutor": 5,
    "data_hora": "2025-12-31T14:00:00Z",
    "local": "picadeiro_1",
    "tipo": "NORMAL",
    "concluida": true,
    "relatorio_treino": ""
  }
},
{
  "model": "gateagora.aula",
  "pk": 192,
  "fields": {
    "empresa": 1,
    "aluno": 10,
    "cavalo": 8,
    "instrutor": 5,
    "data_hora": "2025-12-31T18:30:00Z",
    "local": "picadeiro_2",
    "tipo": "NORMAL",
    "concluida": true,
    "relatorio_treino": ""
  }
},
{
  "model": "gateagora.aula",
  "pk": 197,
  "fields": {
    "empresa": 1,
    "aluno": 11,
    "cavalo": 27,
    "instrutor": 5,
    "data_hora": "2026-01-01T12:30:00Z",
    "local": "picadeiro_2",
    "tipo": "NORMAL",
    "concluida": true,
    "relatorio_treino": ""
  }
},
{
  "model": "gateagora.aula",
  "pk": 195,
  "fields": {
    "empresa": 1,
    "aluno": 15,
    "cavalo": 10,
    "instrutor": 5,
    "data_hora": "2026-01-01T14:00:00Z",
    "local": "picadeiro_2",
    "tipo": "NORMAL",
    "concluida": true,
    "relatorio_treino": ""
  }
},
{
  "model": "gateagora.aula",
  "pk": 196,
  "fields": {
    "empresa": 1,
    "aluno": 10,
    "cavalo": 9,
    "instrutor": 5,
    "data_hora": "2026-01-01T17:00:00Z",
    "local": "picadeiro_1",
    "tipo": "NORMAL",
    "concluida": true,
    "relatorio_treino": ""
  }
},
{
  "model": "gateagora.aula",
  "pk": 194,
  "fields": {
    "empresa": 1,
    "aluno": 14,
    "cavalo": 16,
    "instrutor": 5,
    "data_hora": "2026-01-01T18:30:00Z",
    "local": "picadeiro_2",
    "tipo": "NORMAL",
    "concluida": true,
    "relatorio_treino": ""
  }
},
{
  "model": "gateagora.aula",
  "pk": 198,
  "fields": {
    "empresa": 1,
    "aluno": 2,
    "cavalo": 32,
    "instrutor": 5,
    "data_hora": "2026-01-02T11:00:00Z",
    "local": "picadeiro_1",
    "tipo": "NORMAL",
    "concluida": true,
    "relatorio_treino": ""
  }
},
{
  "model": "gateagora.aula",
  "pk": 199,
  "fields": {
    "empresa": 1,
    "aluno": 14,
    "cavalo": 31,
    "instrutor": 5,
    "data_hora": "2026-01-02T14:00:00Z",
    "local": "picadeiro_2",
    "tipo": "NORMAL",
    "concluida": true,
    "relatorio_treino": ""
  }
},
{
  "model": "gateagora.aula",
  "pk": 201,
  "fields": {
    "empresa": 1,
    "aluno": 12,
    "cavalo": 13,
    "instrutor": 5,
    "data_hora": "2026-01-02T17:00:00Z",
    "local": "pista_salto",
    "tipo": "NORMAL",
    "concluida": true,
    "relatorio_treino": ""
  }
},
{
  "model": "gateagora.aula",
  "pk": 200,
  "fields": {
    "empresa": 1,
    "aluno": 12,
    "cavalo": 25,
    "instrutor": 5,
    "data_hora": "2026-01-02T18:30:00Z",
    "local": "picadeiro_2",
    "tipo": "NORMAL",
    "concluida": true,
    "relatorio_treino": ""
  }
},
{
  "model": "gateagora.aula",
  "pk": 204,
  "fields": {
    "empresa": 1,
    "aluno": 13,
    "cavalo": 25,
    "instrutor": 5,
    "data_hora": "2026-01-03T12:30:00Z",
    "local": "pista_salto",
    "tipo": "NORMAL",
    "concluida": true,
    "relatorio_treino": ""
  }
},
{
  "model": "gateagora.aula",
  "pk": 203,
  "fields": {
    "empresa": 1,
    "aluno": 4,
    "cavalo": 31,
    "instrutor": 5,
    "data_hora": "2026-01-03T17:00:00Z",
    "local": "pista_salto",
    "tipo": "NORMAL",
    "concluida": true,
    "relatorio_treino": ""
  }
},
{
  "model": "gateagora.aula",
  "pk": 202,
  "fields": {
    "empresa": 1,
    "aluno": 13,
    "cavalo": 3,
    "instrutor": 5,
    "data_hora": "2026-01-03T18:30:00Z",
    "local": "picadeiro_2",
    "tipo": "NORMAL",
    "concluida": true,
    "relatorio_treino": ""
  }
},
{
  "model": "gateagora.aula",
  "pk": 206,
  "fields": {
    "empresa": 1,
    "aluno": 14,
    "cavalo": 7,
    "instrutor": 5,
    "data_hora": "2026-01-05T11:00:00Z",
    "local": "pista_salto",
    "tipo": "NORMAL",
    "concluida": true,
    "relatorio_treino": ""
  }
},
{
  "model": "gateagora.aula",
  "pk": 207,
  "fields": {
    "empresa": 1,
    "aluno": 14,
    "cavalo": 1,
    "instrutor": 5,
    "data_hora": "2026-01-05T12:30:00Z",
    "local": "pista_salto",
    "tipo": "NORMAL",
    "concluida": true,
    "relatorio_treino": ""
  }
},
{
  "model": "gateagora.aula",
  "pk": 205,
  "fields": {
    "empresa": 1,
    "aluno": 15,
    "cavalo": 22,
    "instrutor": 5,
    "data_hora": "2026-01-05T17:00:00Z",
    "local": "picadeiro_1",
    "tipo": "NORMAL",
    "concluida": true,
    "relatorio_treino": ""
  }
},
{
  "model": "gateagora.aula",
  "pk": 210,
  "fields": {
    "empresa": 1,
    "aluno": 8,
    "cavalo": 22,
    "instrutor": 5,
    "data_hora": "2026-01-06T11:00:00Z",
    "local": "pista_salto",
    "tipo": "NORMAL",
    "concluida": true,
    "relatorio_treino": ""
  }
},
{
  "model": "gateagora.aula",
  "pk": 209,
  "fields": {
    "empresa": 1,
    "aluno": 2,
    "cavalo": 26,
    "instrutor": 5,
    "data_hora": "2026-01-06T12:30:00Z",
    "local": "pista_salto",
    "tipo": "NORMAL",
    "concluida": true,
    "relatorio_treino": ""
  }
},
{
  "model": "gateagora.aula",
  "pk": 208,
  "fields": {
    "empresa": 1,
    "aluno": 14,
    "cavalo": 17,
    "instrutor": 5,
    "data_hora": "2026-01-06T17:00:00Z",
    "local": "picadeiro_2",
    "tipo": "NORMAL",
    "concluida": true,
    "relatorio_treino": ""
  }
},
{
  "model": "gateagora.aula",
  "pk": 213,
  "fields": {
    "empresa": 1,
    "aluno": 8,
    "cavalo": 7,
    "instrutor": 5,
    "data_hora": "2026-01-07T11:00:00Z",
    "local": "picadeiro_2",
    "tipo": "NORMAL",
    "concluida": true,
    "relatorio_treino": ""
  }
},
{
  "model": "gateagora.aula",
  "pk": 211,
  "fields": {
    "empresa": 1,
    "aluno": 10,
    "cavalo": 19,
    "instrutor": 5,
    "data_hora": "2026-01-07T14:00:00Z",
    "local": "picadeiro_1",
    "tipo": "NORMAL",
    "concluida": true,
    "relatorio_treino": ""
  }
},
{
  "model": "gateagora.aula",
  "pk": 212,
  "fields": {
    "empresa": 1,
    "aluno": 4,
    "cavalo": 6,
    "instrutor": 5,
    "data_hora": "2026-01-07T17:00:00Z",
    "local": "picadeiro_2",
    "tipo": "NORMAL",
    "concluida": true,
    "relatorio_treino": ""
  }
},
{
  "model": "gateagora.aula",
  "pk": 215,
  "fields": {
    "empresa": 1,
    "aluno": 7,
    "cavalo": 21,
    "instrutor": 5,
    "data_hora": "2026-01-07T18:30:00Z",
    "local": "picadeiro_1",
    "tipo": "NORMAL",
    "concluida": true,
    "relatorio_treino": ""
  }
},
{
  "model": "gateagora.aula",
  "pk": 214,
  "fields": {
    "empresa": 1,
    "aluno": 9,
    "cavalo": 20,
    "instrutor": 5,
    "data_hora": "2026-01-07T20:00:00Z",
    "local": "picadeiro_1",
    "tipo": "NORMAL",
    "concluida": true,
    "relatorio_treino": ""
  }
},
{
  "model": "gateagora.aula",
  "pk": 219,
  "fields": {
    "empresa": 1,
    "aluno": 13,
    "cavalo": 16,
    "instrutor": 5,
    "data_hora": "2026-01-08T11:00:00Z",
    "local": "picadeiro_2",
    "tipo": "NORMAL",
    "concluida": true,
    "relatorio_treino": ""
  }
},
{
  "model": "gateagora.aula",
  "pk": 216,
  "fields": {
    "empresa": 1,
    "aluno": 10,
    "cavalo": 27,
    "instrutor": 5,
    "data_hora": "2026-01-08T14:00:00Z",
    "local": "pista_salto",
    "tipo": "NORMAL",
    "concluida": true,
    "relatorio_treino": ""
  }
},
{
  "model": "gateagora.aula",
  "pk": 218,
  "fields": {
    "empresa": 1,
    "aluno": 9,
    "cavalo": 6,
    "instrutor": 5,
    "data_hora": "2026-01-08T17:00:00Z",
    "local": "pista_salto",
    "tipo": "NORMAL",
    "concluida": true,
    "relatorio_treino": ""
  }
},
{
  "model": "gateagora.aula",
  "pk": 217,
  "fields": {
    "empresa": 1,
    "aluno": 3,
    "cavalo": 12,
    "instrutor": 5,
    "data_hora": "2026-01-08T20:00:00Z",
    "local": "picadeiro_1",
    "tipo": "NORMAL",
    "concluida": true,
    "relatorio_treino": ""
  }
},
{
  "model": "gateagora.aula",
  "pk": 220,
  "fields": {
    "empresa": 1,
    "aluno": 14,
    "cavalo": 17,
    "instrutor": 5,
    "data_hora": "2026-01-09T12:30:00Z",
    "local": "pista_salto",
    "tipo": "NORMAL",
    "concluida": true,
    "relatorio_treino": ""
  }
},
{
  "model": "gateagora.aula",
  "pk": 222,
  "fields": {
    "empresa": 1,
    "aluno": 3,
    "cavalo": 11,
    "instrutor": 5,
    "data_hora": "2026-01-09T14:00:00Z",
    "local": "picadeiro_1",
    "tipo": "NORMAL",
    "concluida": true,
    "relatorio_treino": ""
  }
},
{
  "model": "gateagora.aula",
  "pk": 221,
  "fields": {
    "empresa": 1,
    "aluno": 7,
    "cavalo": 30,
    "instrutor": 5,
    "data_hora": "2026-01-09T17:00:00Z",
    "local": "picadeiro_2",
    "tipo": "NORMAL",
    "concluida": true,
    "relatorio_treino": ""
  }
},
{
  "model": "gateagora.aula",
  "pk": 227,
  "fields": {
    "empresa": 1,
    "aluno": 11,
    "cavalo": 19,
    "instrutor": 5,
    "data_hora": "2026-01-10T12:30:00Z",
    "local": "picadeiro_1",
    "tipo": "NORMAL",
    "concluida": true,
    "relatorio_treino": ""
  }
},
{
  "model": "gateagora.aula",
  "pk": 223,
  "fields": {
    "empresa": 1,
    "aluno": 4,
    "cavalo": 17,
    "instrutor": 5,
    "data_hora": "2026-01-10T14:00:00Z",
    "local": "picadeiro_2",
    "tipo": "NORMAL",
    "concluida": true,
    "relatorio_treino": ""
  }
},
{
  "model": "gateagora.aula",
  "pk": 226,
  "fields": {
    "empresa": 1,
    "aluno": 13,
    "cavalo": 23,
    "instrutor": 5,
    "data_hora": "2026-01-10T17:00:00Z",
    "local": "pista_salto",
    "tipo": "NORMAL",
    "concluida": true,
    "relatorio_treino": ""
  }
},
{
  "model": "gateagora.aula",
  "pk": 224,
  "fields": {
    "empresa": 1,
    "aluno": 11,
    "cavalo": 13,
    "instrutor": 5,
    "data_hora": "2026-01-10T18:30:00Z",
    "local": "picadeiro_2",
    "tipo": "NORMAL",
    "concluida": true,
    "relatorio_treino": ""
  }
},
{
  "model": "gateagora.aula",
  "pk": 225,
  "fields": {
    "empresa": 1,
    "aluno": 14,
    "cavalo": 7,
    "instrutor": 5,
    "data_hora": "2026-01-10T20:00:00Z",
    "local": "picadeiro_1",
    "tipo": "NORMAL",
    "concluida": true,
    "relatorio_treino": ""
  }
},
{
  "model": "gateagora.aula",
  "pk": 229,
  "fields": {
    "empresa": 1,
    "aluno": 12,
    "cavalo": 15,
    "instrutor": 5,
    "data_hora": "2026-01-12T11:00:00Z",
    "local": "pista_salto",
    "tipo": "NORMAL",
    "concluida": true,
    "relatorio_treino": ""
  }
},
{
  "model": "gateagora.aula",
  "pk": 232,
  "fields": {
    "empresa": 1,
    "aluno": 8,
    "cavalo": 3,
    "instrutor": 5,
    "data_hora": "2026-01-12T12:30:00Z",
    "local": "picadeiro_2",
    "tipo": "NORMAL",
    "concluida": true,
    "relatorio_treino": ""
  }
},
{
  "model": "gateagora.aula",
  "pk": 228,
  "fields": {
    "empresa": 1,
    "aluno": 11,
    "cavalo": 15,
    "instrutor": 5,
    "data_hora": "2026-01-12T14:00:00Z",
    "local": "pista_salto",
    "tipo": "NORMAL",
    "concluida": true,
    "relatorio_treino": ""
  }
},
{
  "model": "gateagora.aula",
  "pk": 230,
  "fields": {
    "empresa": 1,
    "aluno": 10,
    "cavalo": 17,
    "instrutor": 5,
    "data_hora": "2026-01-12T18:30:00Z",
    "local": "pista_salto",
    "tipo": "NORMAL",
    "concluida": true,
    "relatorio_treino": ""
  }
},
{
  "model": "gateagora.aula",
  "pk": 231,
  "fields": {
    "empresa": 1,
    "aluno": 4,
    "cavalo": 9,
    "instrutor": 5,
    "data_hora": "2026-01-12T20:00:00Z",
    "local": "pista_salto",
    "tipo": "NORMAL",
    "concluida": true,
    "relatorio_treino": ""
  }
},
{
  "model": "gateagora.aula",
  "pk": 233,
  "fields": {
    "empresa": 1,
    "aluno": 8,
    "cavalo": 19,
    "instrutor": 5,
    "data_hora": "2026-01-13T11:00:00Z",
    "local": "picadeiro_2",
    "tipo": "NORMAL",
    "concluida": true,
    "relatorio_treino": ""
  }
},
{
  "model": "gateagora.aula",
  "pk": 235,
  "fields": {
    "empresa": 1,
    "aluno": 10,
    "cavalo": 9,
    "instrutor": 5,
    "data_hora": "2026-01-13T14:00:00Z",
    "local": "pista_salto",
    "tipo": "NORMAL",
    "concluida": true,
    "relatorio_treino": ""
  }
},
{
  "model": "gateagora.aula",
  "pk": 236,
  "fields": {
    "empresa": 1,
    "aluno": 12,
    "cavalo": 18,
    "instrutor": 5,
    "data_hora": "2026-01-13T17:00:00Z",
    "local": "picadeiro_1",
    "tipo": "NORMAL",
    "concluida": true,
    "relatorio_treino": ""
  }
},
{
  "model": "gateagora.aula",
  "pk": 234,
  "fields": {
    "empresa": 1,
    "aluno": 4,
    "cavalo": 27,
    "instrutor": 5,
    "data_hora": "2026-01-13T18:30:00Z",
    "local": "picadeiro_1",
    "tipo": "NORMAL",
    "concluida": true,
    "relatorio_treino": ""
  }
},
{
  "model": "gateagora.aula",
  "pk": 237,
  "fields": {
    "empresa": 1,
    "aluno": 11,
    "cavalo": 31,
    "instrutor": 5,
    "data_hora": "2026-01-13T20:00:00Z",
    "local": "picadeiro_2",
    "tipo": "NORMAL",
    "concluida": true,
    "relatorio_treino": ""
  }
},
{
  "model": "gateagora.aula",
  "pk": 238,
  "fields": {
    "empresa": 1,
    "aluno": 10,
    "cavalo": 26,
    "instrutor": 5,
    "data_hora": "2026-01-14T11:00:00Z",
    "local": "pista_salto",
    "tipo": "NORMAL",
    "concluida": true,
    "relatorio_treino": ""
  }
},
{
  "model": "gateagora.aula",
  "pk": 239,
  "fields": {
    "empresa": 1,
    "aluno": 12,
    "cavalo": 6,
    "instrutor": 5,
    "data_hora": "2026-01-14T17:00:00Z",
    "local": "picadeiro_2",
    "tipo": "NORMAL",
    "concluida": true,
    "relatorio_treino": ""
  }
},
{
  "model": "gateagora.aula",
  "pk": 241,
  "fields": {
    "empresa": 1,
    "aluno": 8,
    "cavalo": 30,
    "instrutor": 5,
    "data_hora": "2026-01-14T18:30:00Z",
    "local": "picadeiro_2",
    "tipo": "NORMAL",
    "concluida": true,
    "relatorio_treino": ""
  }
},
{
  "model": "gateagora.aula",
  "pk": 240,
  "fields": {
    "empresa": 1,
    "aluno": 7,
    "cavalo": 17,
    "instrutor": 5,
    "data_hora": "2026-01-14T20:00:00Z",
    "local": "pista_salto",
    "tipo": "NORMAL",
    "concluida": true,
    "relatorio_treino": ""
  }
},
{
  "model": "gateagora.aula",
  "pk": 245,
  "fields": {
    "empresa": 1,
    "aluno": 14,
    "cavalo": 20,
    "instrutor": 5,
    "data_hora": "2026-01-15T11:00:00Z",
    "local": "pista_salto",
    "tipo": "NORMAL",
    "concluida": true,
    "relatorio_treino": ""
  }
},
{
  "model": "gateagora.aula",
  "pk": 244,
  "fields": {
    "empresa": 1,
    "aluno": 10,
    "cavalo": 5,
    "instrutor": 5,
    "data_hora": "2026-01-15T14:00:00Z",
    "local": "pista_salto",
    "tipo": "NORMAL",
    "concluida": true,
    "relatorio_treino": ""
  }
},
{
  "model": "gateagora.aula",
  "pk": 243,
  "fields": {
    "empresa": 1,
    "aluno": 7,
    "cavalo": 21,
    "instrutor": 5,
    "data_hora": "2026-01-15T17:00:00Z",
    "local": "pista_salto",
    "tipo": "NORMAL",
    "concluida": true,
    "relatorio_treino": ""
  }
},
{
  "model": "gateagora.aula",
  "pk": 242,
  "fields": {
    "empresa": 1,
    "aluno": 3,
    "cavalo": 15,
    "instrutor": 5,
    "data_hora": "2026-01-15T18:30:00Z",
    "local": "picadeiro_2",
    "tipo": "NORMAL",
    "concluida": true,
    "relatorio_treino": ""
  }
},
{
  "model": "gateagora.aula",
  "pk": 246,
  "fields": {
    "empresa": 1,
    "aluno": 14,
    "cavalo": 8,
    "instrutor": 5,
    "data_hora": "2026-01-16T11:00:00Z",
    "local": "picadeiro_1",
    "tipo": "NORMAL",
    "concluida": true,
    "relatorio_treino": ""
  }
},
{
  "model": "gateagora.aula",
  "pk": 247,
  "fields": {
    "empresa": 1,
    "aluno": 10,
    "cavalo": 9,
    "instrutor": 5,
    "data_hora": "2026-01-16T12:30:00Z",
    "local": "picadeiro_2",
    "tipo": "NORMAL",
    "concluida": true,
    "relatorio_treino": ""
  }
},
{
  "model": "gateagora.aula",
  "pk": 249,
  "fields": {
    "empresa": 1,
    "aluno": 4,
    "cavalo": 27,
    "instrutor": 5,
    "data_hora": "2026-01-16T17:00:00Z",
    "local": "pista_salto",
    "tipo": "NORMAL",
    "concluida": true,
    "relatorio_treino": ""
  }
},
{
  "model": "gateagora.aula",
  "pk": 250,
  "fields": {
    "empresa": 1,
    "aluno": 4,
    "cavalo": 10,
    "instrutor": 5,
    "data_hora": "2026-01-16T18:30:00Z",
    "local": "picadeiro_2",
    "tipo": "NORMAL",
    "concluida": true,
    "relatorio_treino": ""
  }
},
{
  "model": "gateagora.aula",
  "pk": 248,
  "fields": {
    "empresa": 1,
    "aluno": 14,
    "cavalo": 24,
    "instrutor": 5,
    "data_hora": "2026-01-16T20:00:00Z",
    "local": "pista_salto",
    "tipo": "NORMAL",
    "concluida": true,
    "relatorio_treino": ""
  }
},
{
  "model": "gateagora.aula",
  "pk": 251,
  "fields": {
    "empresa": 1,
    "aluno": 13,
    "cavalo": 18,
    "instrutor": 5,
    "data_hora": "2026-01-17T17:00:00Z",
    "local": "picadeiro_1",
    "tipo": "NORMAL",
    "concluida": true,
    "relatorio_treino": ""
  }
},
{
  "model": "gateagora.aula",
  "pk": 252,
  "fields": {
    "empresa": 1,
    "aluno": 4,
    "cavalo": 24,
    "instrutor": 5,
    "data_hora": "2026-01-17T18:30:00Z",
    "local": "picadeiro_1",
    "tipo": "NORMAL",
    "concluida": true,
    "relatorio_treino": ""
  }
},
{
  "model": "gateagora.aula",
  "pk": 256,
  "fields": {
    "empresa": 1,
    "aluno": 3,
    "cavalo": 14,
    "instrutor": 5,
    "data_hora": "2026-01-19T11:00:00Z",
    "local": "pista_salto",
    "tipo": "NORMAL",
    "concluida": true,
    "relatorio_treino": ""
  }
},
{
  "model": "gateagora.aula",
  "pk": 254,
  "fields": {
    "empresa": 1,
    "aluno": 13,
    "cavalo": 18,
    "instrutor": 5,
    "data_hora": "2026-01-19T12:30:00Z",
    "local": "picadeiro_1",
    "tipo": "NORMAL",
    "concluida": true,
    "relatorio_treino": ""
  }
},
{
  "model": "gateagora.aula",
  "pk": 255,
  "fields": {
    "empresa": 1,
    "aluno": 8,
    "cavalo": 30,
    "instrutor": 5,
    "data_hora": "2026-01-19T14:00:00Z",
    "local": "picadeiro_1",
    "tipo": "NORMAL",
    "concluida": true,
    "relatorio_treino": ""
  }
},
{
  "model": "gateagora.aula",
  "pk": 253,
  "fields": {
    "empresa": 1,
    "aluno": 15,
    "cavalo": 23,
    "instrutor": 5,
    "data_hora": "2026-01-19T17:00:00Z",
    "local": "picadeiro_1",
    "tipo": "NORMAL",
    "concluida": true,
    "relatorio_treino": ""
  }
},
{
  "model": "gateagora.aula",
  "pk": 257,
  "fields": {
    "empresa": 1,
    "aluno": 3,
    "cavalo": 2,
    "instrutor": 5,
    "data_hora": "2026-01-19T18:30:00Z",
    "local": "picadeiro_1",
    "tipo": "NORMAL",
    "concluida": true,
    "relatorio_treino": ""
  }
},
{
  "model": "gateagora.aula",
  "pk": 261,
  "fields": {
    "empresa": 1,
    "aluno": 9,
    "cavalo": 9,
    "instrutor": 5,
    "data_hora": "2026-01-20T11:00:00Z",
    "local": "pista_salto",
    "tipo": "NORMAL",
    "concluida": true,
    "relatorio_treino": ""
  }
},
{
  "model": "gateagora.aula",
  "pk": 258,
  "fields": {
    "empresa": 1,
    "aluno": 15,
    "cavalo": 14,
    "instrutor": 5,
    "data_hora": "2026-01-20T12:30:00Z",
    "local": "pista_salto",
    "tipo": "NORMAL",
    "concluida": true,
    "relatorio_treino": ""
  }
},
{
  "model": "gateagora.aula",
  "pk": 260,
  "fields": {
    "empresa": 1,
    "aluno": 9,
    "cavalo": 1,
    "instrutor": 5,
    "data_hora": "2026-01-20T18:30:00Z",
    "local": "picadeiro_2",
    "tipo": "NORMAL",
    "concluida": true,
    "relatorio_treino": ""
  }
},
{
  "model": "gateagora.aula",
  "pk": 259,
  "fields": {
    "empresa": 1,
    "aluno": 10,
    "cavalo": 15,
    "instrutor": 5,
    "data_hora": "2026-01-20T20:00:00Z",
    "local": "picadeiro_2",
    "tipo": "NORMAL",
    "concluida": true,
    "relatorio_treino": ""
  }
},
{
  "model": "gateagora.aula",
  "pk": 263,
  "fields": {
    "empresa": 1,
    "aluno": 2,
    "cavalo": 21,
    "instrutor": 5,
    "data_hora": "2026-01-21T11:00:00Z",
    "local": "picadeiro_1",
    "tipo": "NORMAL",
    "concluida": true,
    "relatorio_treino": ""
  }
},
{
  "model": "gateagora.aula",
  "pk": 262,
  "fields": {
    "empresa": 1,
    "aluno": 7,
    "cavalo": 23,
    "instrutor": 5,
    "data_hora": "2026-01-21T12:30:00Z",
    "local": "picadeiro_1",
    "tipo": "NORMAL",
    "concluida": true,
    "relatorio_treino": ""
  }
},
{
  "model": "gateagora.aula",
  "pk": 265,
  "fields": {
    "empresa": 1,
    "aluno": 9,
    "cavalo": 27,
    "instrutor": 5,
    "data_hora": "2026-01-21T17:00:00Z",
    "local": "pista_salto",
    "tipo": "NORMAL",
    "concluida": true,
    "relatorio_treino": ""
  }
},
{
  "model": "gateagora.aula",
  "pk": 264,
  "fields": {
    "empresa": 1,
    "aluno": 9,
    "cavalo": 17,
    "instrutor": 5,
    "data_hora": "2026-01-21T18:30:00Z",
    "local": "picadeiro_1",
    "tipo": "NORMAL",
    "concluida": true,
    "relatorio_treino": ""
  }
},
{
  "model": "gateagora.aula",
  "pk": 267,
  "fields": {
    "empresa": 1,
    "aluno": 15,
    "cavalo": 7,
    "instrutor": 5,
    "data_hora": "2026-01-22T11:00:00Z",
    "local": "picadeiro_2",
    "tipo": "NORMAL",
    "concluida": true,
    "relatorio_treino": ""
  }
},
{
  "model": "gateagora.aula",
  "pk": 266,
  "fields": {
    "empresa": 1,
    "aluno": 14,
    "cavalo": 29,
    "instrutor": 5,
    "data_hora": "2026-01-22T20:00:00Z",
    "local": "picadeiro_2",
    "tipo": "NORMAL",
    "concluida": true,
    "relatorio_treino": ""
  }
},
{
  "model": "gateagora.aula",
  "pk": 269,
  "fields": {
    "empresa": 1,
    "aluno": 14,
    "cavalo": 26,
    "instrutor": 5,
    "data_hora": "2026-01-23T11:00:00Z",
    "local": "picadeiro_2",
    "tipo": "NORMAL",
    "concluida": true,
    "relatorio_treino": ""
  }
},
{
  "model": "gateagora.aula",
  "pk": 270,
  "fields": {
    "empresa": 1,
    "aluno": 3,
    "cavalo": 7,
    "instrutor": 5,
    "data_hora": "2026-01-23T14:00:00Z",
    "local": "picadeiro_2",
    "tipo": "NORMAL",
    "concluida": true,
    "relatorio_treino": ""
  }
},
{
  "model": "gateagora.aula",
  "pk": 268,
  "fields": {
    "empresa": 1,
    "aluno": 14,
    "cavalo": 2,
    "instrutor": 5,
    "data_hora": "2026-01-23T18:30:00Z",
    "local": "picadeiro_1",
    "tipo": "NORMAL",
    "concluida": true,
    "relatorio_treino": ""
  }
},
{
  "model": "gateagora.aula",
  "pk": 271,
  "fields": {
    "empresa": 1,
    "aluno": 8,
    "cavalo": 9,
    "instrutor": 5,
    "data_hora": "2026-01-24T11:00:00Z",
    "local": "picadeiro_2",
    "tipo": "NORMAL",
    "concluida": true,
    "relatorio_treino": ""
  }
},
{
  "model": "gateagora.aula",
  "pk": 273,
  "fields": {
    "empresa": 1,
    "aluno": 2,
    "cavalo": 19,
    "instrutor": 5,
    "data_hora": "2026-01-24T14:00:00Z",
    "local": "picadeiro_2",
    "tipo": "NORMAL",
    "concluida": true,
    "relatorio_treino": ""
  }
},
{
  "model": "gateagora.aula",
  "pk": 274,
  "fields": {
    "empresa": 1,
    "aluno": 15,
    "cavalo": 28,
    "instrutor": 5,
    "data_hora": "2026-01-24T17:00:00Z",
    "local": "picadeiro_1",
    "tipo": "NORMAL",
    "concluida": true,
    "relatorio_treino": ""
  }
},
{
  "model": "gateagora.aula",
  "pk": 275,
  "fields": {
    "empresa": 1,
    "aluno": 4,
    "cavalo": 8,
    "instrutor": 5,
    "data_hora": "2026-01-24T18:30:00Z",
    "local": "pista_salto",
    "tipo": "NORMAL",
    "concluida": true,
    "relatorio_treino": ""
  }
},
{
  "model": "gateagora.aula",
  "pk": 272,
  "fields": {
    "empresa": 1,
    "aluno": 2,
    "cavalo": 21,
    "instrutor": 5,
    "data_hora": "2026-01-24T20:00:00Z",
    "local": "picadeiro_2",
    "tipo": "NORMAL",
    "concluida": true,
    "relatorio_treino": ""
  }
},
{
  "model": "gateagora.aula",
  "pk": 278,
  "fields": {
    "empresa": 1,
    "aluno": 8,
    "cavalo": 21,
    "instrutor": 5,
    "data_hora": "2026-01-26T12:30:00Z",
    "local": "picadeiro_2",
    "tipo": "NORMAL",
    "concluida": true,
    "relatorio_treino": ""
  }
},
{
  "model": "gateagora.aula",
  "pk": 276,
  "fields": {
    "empresa": 1,
    "aluno": 13,
    "cavalo": 22,
    "instrutor": 5,
    "data_hora": "2026-01-26T17:00:00Z",
    "local": "picadeiro_2",
    "tipo": "NORMAL",
    "concluida": true,
    "relatorio_treino": ""
  }
},
{
  "model": "gateagora.aula",
  "pk": 277,
  "fields": {
    "empresa": 1,
    "aluno": 13,
    "cavalo": 27,
    "instrutor": 5,
    "data_hora": "2026-01-26T20:00:00Z",
    "local": "pista_salto",
    "tipo": "NORMAL",
    "concluida": true,
    "relatorio_treino": ""
  }
},
{
  "model": "gateagora.aula",
  "pk": 282,
  "fields": {
    "empresa": 1,
    "aluno": 4,
    "cavalo": 24,
    "instrutor": 5,
    "data_hora": "2026-01-27T11:00:00Z",
    "local": "picadeiro_1",
    "tipo": "NORMAL",
    "concluida": true,
    "relatorio_treino": ""
  }
},
{
  "model": "gateagora.aula",
  "pk": 280,
  "fields": {
    "empresa": 1,
    "aluno": 8,
    "cavalo": 6,
    "instrutor": 5,
    "data_hora": "2026-01-27T14:00:00Z",
    "local": "picadeiro_1",
    "tipo": "NORMAL",
    "concluida": true,
    "relatorio_treino": ""
  }
},
{
  "model": "gateagora.aula",
  "pk": 281,
  "fields": {
    "empresa": 1,
    "aluno": 13,
    "cavalo": 7,
    "instrutor": 5,
    "data_hora": "2026-01-27T18:30:00Z",
    "local": "pista_salto",
    "tipo": "NORMAL",
    "concluida": true,
    "relatorio_treino": ""
  }
},
{
  "model": "gateagora.aula",
  "pk": 279,
  "fields": {
    "empresa": 1,
    "aluno": 3,
    "cavalo": 31,
    "instrutor": 5,
    "data_hora": "2026-01-27T20:00:00Z",
    "local": "picadeiro_1",
    "tipo": "NORMAL",
    "concluida": true,
    "relatorio_treino": ""
  }
},
{
  "model": "gateagora.aula",
  "pk": 283,
  "fields": {
    "empresa": 1,
    "aluno": 15,
    "cavalo": 22,
    "instrutor": 5,
    "data_hora": "2026-01-28T18:30:00Z",
    "local": "pista_salto",
    "tipo": "NORMAL",
    "concluida": true,
    "relatorio_treino": ""
  }
},
{
  "model": "gateagora.aula",
  "pk": 284,
  "fields": {
    "empresa": 1,
    "aluno": 8,
    "cavalo": 27,
    "instrutor": 5,
    "data_hora": "2026-01-28T20:00:00Z",
    "local": "picadeiro_2",
    "tipo": "NORMAL",
    "concluida": true,
    "relatorio_treino": ""
  }
},
{
  "model": "gateagora.aula",
  "pk": 286,
  "fields": {
    "empresa": 1,
    "aluno": 15,
    "cavalo": 14,
    "instrutor": 5,
    "data_hora": "2026-01-29T11:00:00Z",
    "local": "picadeiro_1",
    "tipo": "NORMAL",
    "concluida": true,
    "relatorio_treino": ""
  }
},
{
  "model": "gateagora.aula",
  "pk": 289,
  "fields": {
    "empresa": 1,
    "aluno": 12,
    "cavalo": 8,
    "instrutor": 5,
    "data_hora": "2026-01-29T12:30:00Z",
    "local": "picadeiro_2",
    "tipo": "NORMAL",
    "concluida": true,
    "relatorio_treino": ""
  }
},
{
  "model": "gateagora.aula",
  "pk": 287,
  "fields": {
    "empresa": 1,
    "aluno": 3,
    "cavalo": 31,
    "instrutor": 5,
    "data_hora": "2026-01-29T14:00:00Z",
    "local": "picadeiro_1",
    "tipo": "NORMAL",
    "concluida": true,
    "relatorio_treino": ""
  }
},
{
  "model": "gateagora.aula",
  "pk": 288,
  "fields": {
    "empresa": 1,
    "aluno": 8,
    "cavalo": 23,
    "instrutor": 5,
    "data_hora": "2026-01-29T17:00:00Z",
    "local": "pista_salto",
    "tipo": "NORMAL",
    "concluida": true,
    "relatorio_treino": ""
  }
},
{
  "model": "gateagora.aula",
  "pk": 285,
  "fields": {
    "empresa": 1,
    "aluno": 12,
    "cavalo": 7,
    "instrutor": 5,
    "data_hora": "2026-01-29T20:00:00Z",
    "local": "pista_salto",
    "tipo": "NORMAL",
    "concluida": true,
    "relatorio_treino": ""
  }
},
{
  "model": "gateagora.aula",
  "pk": 292,
  "fields": {
    "empresa": 1,
    "aluno": 11,
    "cavalo": 22,
    "instrutor": 5,
    "data_hora": "2026-01-30T11:00:00Z",
    "local": "picadeiro_2",
    "tipo": "NORMAL",
    "concluida": true,
    "relatorio_treino": ""
  }
},
{
  "model": "gateagora.aula",
  "pk": 290,
  "fields": {
    "empresa": 1,
    "aluno": 2,
    "cavalo": 18,
    "instrutor": 5,
    "data_hora": "2026-01-30T17:00:00Z",
    "local": "picadeiro_1",
    "tipo": "NORMAL",
    "concluida": true,
    "relatorio_treino": ""
  }
},
{
  "model": "gateagora.aula",
  "pk": 291,
  "fields": {
    "empresa": 1,
    "aluno": 9,
    "cavalo": 18,
    "instrutor": 5,
    "data_hora": "2026-01-30T18:30:00Z",
    "local": "pista_salto",
    "tipo": "NORMAL",
    "concluida": true,
    "relatorio_treino": ""
  }
},
{
  "model": "gateagora.aula",
  "pk": 293,
  "fields": {
    "empresa": 1,
    "aluno": 2,
    "cavalo": 26,
    "instrutor": 5,
    "data_hora": "2026-01-31T12:30:00Z",
    "local": "picadeiro_1",
    "tipo": "NORMAL",
    "concluida": true,
    "relatorio_treino": ""
  }
},
{
  "model": "gateagora.aula",
  "pk": 294,
  "fields": {
    "empresa": 1,
    "aluno": 9,
    "cavalo": 2,
    "instrutor": 5,
    "data_hora": "2026-01-31T20:00:00Z",
    "local": "picadeiro_1",
    "tipo": "NORMAL",
    "concluida": true,
    "relatorio_treino": ""
  }
},
{
  "model": "gateagora.aula",
  "pk": 295,
  "fields": {
    "empresa": 1,
    "aluno": 12,
    "cavalo": 11,
    "instrutor": 5,
    "data_hora": "2026-02-02T17:00:00Z",
    "local": "picadeiro_2",
    "tipo": "NORMAL",
    "concluida": true,
    "relatorio_treino": ""
  }
},
{
  "model": "gateagora.aula",
  "pk": 297,
  "fields": {
    "empresa": 1,
    "aluno": 2,
    "cavalo": 6,
    "instrutor": 5,
    "data_hora": "2026-02-02T18:30:00Z",
    "local": "picadeiro_1",
    "tipo": "NORMAL",
    "concluida": true,
    "relatorio_treino": ""
  }
},
{
  "model": "gateagora.aula",
  "pk": 296,
  "fields": {
    "empresa": 1,
    "aluno": 11,
    "cavalo": 21,
    "instrutor": 5,
    "data_hora": "2026-02-02T20:00:00Z",
    "local": "pista_salto",
    "tipo": "NORMAL",
    "concluida": true,
    "relatorio_treino": ""
  }
},
{
  "model": "gateagora.aula",
  "pk": 300,
  "fields": {
    "empresa": 1,
    "aluno": 2,
    "cavalo": 29,
    "instrutor": 5,
    "data_hora": "2026-02-03T11:00:00Z",
    "local": "picadeiro_2",
    "tipo": "NORMAL",
    "concluida": true,
    "relatorio_treino": ""
  }
},
{
  "model": "gateagora.aula",
  "pk": 298,
  "fields": {
    "empresa": 1,
    "aluno": 3,
    "cavalo": 6,
    "instrutor": 5,
    "data_hora": "2026-02-03T12:30:00Z",
    "local": "picadeiro_2",
    "tipo": "NORMAL",
    "concluida": true,
    "relatorio_treino": ""
  }
},
{
  "model": "gateagora.aula",
  "pk": 299,
  "fields": {
    "empresa": 1,
    "aluno": 14,
    "cavalo": 28,
    "instrutor": 5,
    "data_hora": "2026-02-03T18:30:00Z",
    "local": "picadeiro_2",
    "tipo": "NORMAL",
    "concluida": true,
    "relatorio_treino": ""
  }
},
{
  "model": "gateagora.aula",
  "pk": 303,
  "fields": {
    "empresa": 1,
    "aluno": 3,
    "cavalo": 20,
    "instrutor": 5,
    "data_hora": "2026-02-04T11:00:00Z",
    "local": "picadeiro_1",
    "tipo": "NORMAL",
    "concluida": true,
    "relatorio_treino": ""
  }
},
{
  "model": "gateagora.aula",
  "pk": 301,
  "fields": {
    "empresa": 1,
    "aluno": 13,
    "cavalo": 8,
    "instrutor": 5,
    "data_hora": "2026-02-04T12:30:00Z",
    "local": "picadeiro_2",
    "tipo": "NORMAL",
    "concluida": true,
    "relatorio_treino": ""
  }
},
{
  "model": "gateagora.aula",
  "pk": 302,
  "fields": {
    "empresa": 1,
    "aluno": 3,
    "cavalo": 32,
    "instrutor": 5,
    "data_hora": "2026-02-04T18:30:00Z",
    "local": "pista_salto",
    "tipo": "NORMAL",
    "concluida": true,
    "relatorio_treino": ""
  }
},
{
  "model": "gateagora.aula",
  "pk": 304,
  "fields": {
    "empresa": 1,
    "aluno": 10,
    "cavalo": 26,
    "instrutor": 5,
    "data_hora": "2026-02-04T20:00:00Z",
    "local": "pista_salto",
    "tipo": "NORMAL",
    "concluida": true,
    "relatorio_treino": ""
  }
},
{
  "model": "gateagora.aula",
  "pk": 305,
  "fields": {
    "empresa": 1,
    "aluno": 11,
    "cavalo": 14,
    "instrutor": 5,
    "data_hora": "2026-02-05T11:00:00Z",
    "local": "picadeiro_1",
    "tipo": "NORMAL",
    "concluida": true,
    "relatorio_treino": ""
  }
},
{
  "model": "gateagora.aula",
  "pk": 306,
  "fields": {
    "empresa": 1,
    "aluno": 11,
    "cavalo": 19,
    "instrutor": 5,
    "data_hora": "2026-02-05T12:30:00Z",
    "local": "picadeiro_2",
    "tipo": "NORMAL",
    "concluida": true,
    "relatorio_treino": ""
  }
},
{
  "model": "gateagora.aula",
  "pk": 307,
  "fields": {
    "empresa": 1,
    "aluno": 4,
    "cavalo": 28,
    "instrutor": 5,
    "data_hora": "2026-02-06T11:00:00Z",
    "local": "picadeiro_1",
    "tipo": "NORMAL",
    "concluida": true,
    "relatorio_treino": ""
  }
},
{
  "model": "gateagora.aula",
  "pk": 308,
  "fields": {
    "empresa": 1,
    "aluno": 9,
    "cavalo": 25,
    "instrutor": 5,
    "data_hora": "2026-02-06T17:00:00Z",
    "local": "pista_salto",
    "tipo": "NORMAL",
    "concluida": true,
    "relatorio_treino": ""
  }
},
{
  "model": "gateagora.aula",
  "pk": 311,
  "fields": {
    "empresa": 1,
    "aluno": 14,
    "cavalo": 5,
    "instrutor": 5,
    "data_hora": "2026-02-07T14:00:00Z",
    "local": "picadeiro_2",
    "tipo": "NORMAL",
    "concluida": true,
    "relatorio_treino": ""
  }
},
{
  "model": "gateagora.aula",
  "pk": 309,
  "fields": {
    "empresa": 1,
    "aluno": 8,
    "cavalo": 26,
    "instrutor": 5,
    "data_hora": "2026-02-07T18:30:00Z",
    "local": "pista_salto",
    "tipo": "NORMAL",
    "concluida": true,
    "relatorio_treino": ""
  }
},
{
  "model": "gateagora.aula",
  "pk": 310,
  "fields": {
    "empresa": 1,
    "aluno": 7,
    "cavalo": 28,
    "instrutor": 5,
    "data_hora": "2026-02-08T20:00:00Z",
    "local": "picadeiro_1",
    "tipo": "NORMAL",
    "concluida": true,
    "relatorio_treino": ""
  }
},
{
  "model": "gateagora.aula",
  "pk": 316,
  "fields": {
    "empresa": 1,
    "aluno": 2,
    "cavalo": 26,
    "instrutor": 5,
    "data_hora": "2026-02-09T11:00:00Z",
    "local": "pista_salto",
    "tipo": "NORMAL",
    "concluida": true,
    "relatorio_treino": ""
  }
},
{
  "model": "gateagora.aula",
  "pk": 315,
  "fields": {
    "empresa": 1,
    "aluno": 8,
    "cavalo": 16,
    "instrutor": 5,
    "data_hora": "2026-02-09T12:30:00Z",
    "local": "picadeiro_2",
    "tipo": "NORMAL",
    "concluida": true,
    "relatorio_treino": ""
  }
},
{
  "model": "gateagora.aula",
  "pk": 313,
  "fields": {
    "empresa": 1,
    "aluno": 9,
    "cavalo": 30,
    "instrutor": 5,
    "data_hora": "2026-02-09T17:00:00Z",
    "local": "pista_salto",
    "tipo": "NORMAL",
    "concluida": true,
    "relatorio_treino": ""
  }
},
{
  "model": "gateagora.aula",
  "pk": 312,
  "fields": {
    "empresa": 1,
    "aluno": 13,
    "cavalo": 2,
    "instrutor": 5,
    "data_hora": "2026-02-09T18:30:00Z",
    "local": "picadeiro_2",
    "tipo": "NORMAL",
    "concluida": true,
    "relatorio_treino": ""
  }
},
{
  "model": "gateagora.aula",
  "pk": 314,
  "fields": {
    "empresa": 1,
    "aluno": 12,
    "cavalo": 6,
    "instrutor": 5,
    "data_hora": "2026-02-09T20:00:00Z",
    "local": "picadeiro_2",
    "tipo": "NORMAL",
    "concluida": true,
    "relatorio_treino": ""
  }
},
{
  "model": "gateagora.aula",
  "pk": 318,
  "fields": {
    "empresa": 1,
    "aluno": 12,
    "cavalo": 11,
    "instrutor": 5,
    "data_hora": "2026-02-10T14:00:00Z",
    "local": "picadeiro_1",
    "tipo": "NORMAL",
    "concluida": true,
    "relatorio_treino": ""
  }
},
{
  "model": "gateagora.aula",
  "pk": 317,
  "fields": {
    "empresa": 1,
    "aluno": 4,
    "cavalo": 22,
    "instrutor": 5,
    "data_hora": "2026-02-10T17:00:00Z",
    "local": "picadeiro_1",
    "tipo": "NORMAL",
    "concluida": true,
    "relatorio_treino": ""
  }
},
{
  "model": "gateagora.aula",
  "pk": 319,
  "fields": {
    "empresa": 1,
    "aluno": 10,
    "cavalo": 23,
    "instrutor": 5,
    "data_hora": "2026-02-11T18:30:00Z",
    "local": "picadeiro_2",
    "tipo": "NORMAL",
    "concluida": true,
    "relatorio_treino": ""
  }
},
{
  "model": "gateagora.aula",
  "pk": 320,
  "fields": {
    "empresa": 1,
    "aluno": 4,
    "cavalo": 10,
    "instrutor": 5,
    "data_hora": "2026-02-11T20:00:00Z",
    "local": "picadeiro_1",
    "tipo": "NORMAL",
    "concluida": true,
    "relatorio_treino": ""
  }
},
{
  "model": "gateagora.aula",
  "pk": 321,
  "fields": {
    "empresa": 1,
    "aluno": 10,
    "cavalo": 12,
    "instrutor": 5,
    "data_hora": "2026-02-12T12:30:00Z",
    "local": "pista_salto",
    "tipo": "NORMAL",
    "concluida": true,
    "relatorio_treino": ""
  }
},
{
  "model": "gateagora.aula",
  "pk": 322,
  "fields": {
    "empresa": 1,
    "aluno": 9,
    "cavalo": 5,
    "instrutor": 5,
    "data_hora": "2026-02-12T14:00:00Z",
    "local": "picadeiro_1",
    "tipo": "NORMAL",
    "concluida": true,
    "relatorio_treino": ""
  }
},
{
  "model": "gateagora.aula",
  "pk": 327,
  "fields": {
    "empresa": 1,
    "aluno": 15,
    "cavalo": 5,
    "instrutor": 5,
    "data_hora": "2026-02-13T12:30:00Z",
    "local": "picadeiro_2",
    "tipo": "NORMAL",
    "concluida": true,
    "relatorio_treino": ""
  }
},
{
  "model": "gateagora.aula",
  "pk": 326,
  "fields": {
    "empresa": 1,
    "aluno": 2,
    "cavalo": 4,
    "instrutor": 5,
    "data_hora": "2026-02-13T14:00:00Z",
    "local": "picadeiro_2",
    "tipo": "NORMAL",
    "concluida": true,
    "relatorio_treino": ""
  }
},
{
  "model": "gateagora.aula",
  "pk": 323,
  "fields": {
    "empresa": 1,
    "aluno": 3,
    "cavalo": 21,
    "instrutor": 5,
    "data_hora": "2026-02-13T17:00:00Z",
    "local": "picadeiro_1",
    "tipo": "NORMAL",
    "concluida": true,
    "relatorio_treino": ""
  }
},
{
  "model": "gateagora.aula",
  "pk": 324,
  "fields": {
    "empresa": 1,
    "aluno": 14,
    "cavalo": 5,
    "instrutor": 5,
    "data_hora": "2026-02-13T18:30:00Z",
    "local": "picadeiro_2",
    "tipo": "NORMAL",
    "concluida": true,
    "relatorio_treino": ""
  }
},
{
  "model": "gateagora.aula",
  "pk": 325,
  "fields": {
    "empresa": 1,
    "aluno": 14,
    "cavalo": 20,
    "instrutor": 5,
    "data_hora": "2026-02-13T20:00:00Z",
    "local": "picadeiro_2",
    "tipo": "NORMAL",
    "concluida": true,
    "relatorio_treino": ""
  }
},
{
  "model": "gateagora.aula",
  "pk": 329,
  "fields": {
    "empresa": 1,
    "aluno": 2,
    "cavalo": 25,
    "instrutor": 5,
    "data_hora": "2026-02-14T11:00:00Z",
    "local": "picadeiro_2",
    "tipo": "NORMAL",
    "concluida": true,
    "relatorio_treino": ""
  }
},
{
  "model": "gateagora.aula",
  "pk": 331,
  "fields": {
    "empresa": 1,
    "aluno": 2,
    "cavalo": 13,
    "instrutor": 5,
    "data_hora": "2026-02-14T12:30:00Z",
    "local": "picadeiro_2",
    "tipo": "NORMAL",
    "concluida": true,
    "relatorio_treino": ""
  }
},
{
  "model": "gateagora.aula",
  "pk": 332,
  "fields": {
    "empresa": 1,
    "aluno": 2,
    "cavalo": 31,
    "instrutor": 5,
    "data_hora": "2026-02-14T14:00:00Z",
    "local": "pista_salto",
    "tipo": "NORMAL",
    "concluida": true,
    "relatorio_treino": ""
  }
},
{
  "model": "gateagora.aula",
  "pk": 328,
  "fields": {
    "empresa": 1,
    "aluno": 8,
    "cavalo": 6,
    "instrutor": 5,
    "data_hora": "2026-02-14T17:00:00Z",
    "local": "pista_salto",
    "tipo": "NORMAL",
    "concluida": true,
    "relatorio_treino": ""
  }
},
{
  "model": "gateagora.aula",
  "pk": 330,
  "fields": {
    "empresa": 1,
    "aluno": 2,
    "cavalo": 3,
    "instrutor": 5,
    "data_hora": "2026-02-14T18:30:00Z",
    "local": "picadeiro_2",
    "tipo": "NORMAL",
    "concluida": true,
    "relatorio_treino": ""
  }
},
{
  "model": "gateagora.aula",
  "pk": 333,
  "fields": {
    "empresa": 1,
    "aluno": 12,
    "cavalo": 6,
    "instrutor": 5,
    "data_hora": "2026-02-16T11:00:00Z",
    "local": "pista_salto",
    "tipo": "NORMAL",
    "concluida": true,
    "relatorio_treino": ""
  }
},
{
  "model": "gateagora.aula",
  "pk": 334,
  "fields": {
    "empresa": 1,
    "aluno": 3,
    "cavalo": 12,
    "instrutor": 5,
    "data_hora": "2026-02-16T17:00:00Z",
    "local": "picadeiro_1",
    "tipo": "NORMAL",
    "concluida": true,
    "relatorio_treino": ""
  }
},
{
  "model": "gateagora.aula",
  "pk": 335,
  "fields": {
    "empresa": 1,
    "aluno": 10,
    "cavalo": 29,
    "instrutor": 5,
    "data_hora": "2026-02-16T20:00:00Z",
    "local": "picadeiro_2",
    "tipo": "NORMAL",
    "concluida": true,
    "relatorio_treino": ""
  }
},
{
  "model": "gateagora.aula",
  "pk": 336,
  "fields": {
    "empresa": 1,
    "aluno": 13,
    "cavalo": 27,
    "instrutor": 5,
    "data_hora": "2026-02-17T14:00:00Z",
    "local": "picadeiro_2",
    "tipo": "NORMAL",
    "concluida": true,
    "relatorio_treino": ""
  }
},
{
  "model": "gateagora.aula",
  "pk": 338,
  "fields": {
    "empresa": 1,
    "aluno": 3,
    "cavalo": 22,
    "instrutor": 5,
    "data_hora": "2026-02-17T18:30:00Z",
    "local": "picadeiro_1",
    "tipo": "NORMAL",
    "concluida": true,
    "relatorio_treino": ""
  }
},
{
  "model": "gateagora.aula",
  "pk": 337,
  "fields": {
    "empresa": 1,
    "aluno": 3,
    "cavalo": 4,
    "instrutor": 5,
    "data_hora": "2026-02-17T20:00:00Z",
    "local": "pista_salto",
    "tipo": "NORMAL",
    "concluida": true,
    "relatorio_treino": ""
  }
},
{
  "model": "gateagora.aula",
  "pk": 339,
  "fields": {
    "empresa": 1,
    "aluno": 11,
    "cavalo": 10,
    "instrutor": 5,
    "data_hora": "2026-02-18T11:00:00Z",
    "local": "picadeiro_2",
    "tipo": "NORMAL",
    "concluida": true,
    "relatorio_treino": ""
  }
},
{
  "model": "gateagora.aula",
  "pk": 342,
  "fields": {
    "empresa": 1,
    "aluno": 2,
    "cavalo": 6,
    "instrutor": 5,
    "data_hora": "2026-02-18T12:30:00Z",
    "local": "picadeiro_2",
    "tipo": "NORMAL",
    "concluida": true,
    "relatorio_treino": ""
  }
},
{
  "model": "gateagora.aula",
  "pk": 341,
  "fields": {
    "empresa": 1,
    "aluno": 11,
    "cavalo": 26,
    "instrutor": 5,
    "data_hora": "2026-02-18T17:00:00Z",
    "local": "picadeiro_1",
    "tipo": "NORMAL",
    "concluida": true,
    "relatorio_treino": ""
  }
},
{
  "model": "gateagora.aula",
  "pk": 340,
  "fields": {
    "empresa": 1,
    "aluno": 8,
    "cavalo": 10,
    "instrutor": 5,
    "data_hora": "2026-02-18T18:30:00Z",
    "local": "picadeiro_2",
    "tipo": "NORMAL",
    "concluida": true,
    "relatorio_treino": ""
  }
},
{
  "model": "gateagora.aula",
  "pk": 347,
  "fields": {
    "empresa": 1,
    "aluno": 10,
    "cavalo": 9,
    "instrutor": 5,
    "data_hora": "2026-02-19T11:00:00Z",
    "local": "picadeiro_1",
    "tipo": "NORMAL",
    "concluida": true,
    "relatorio_treino": ""
  }
},
{
  "model": "gateagora.aula",
  "pk": 345,
  "fields": {
    "empresa": 1,
    "aluno": 11,
    "cavalo": 12,
    "instrutor": 5,
    "data_hora": "2026-02-19T12:30:00Z",
    "local": "picadeiro_1",
    "tipo": "NORMAL",
    "concluida": true,
    "relatorio_treino": ""
  }
},
{
  "model": "gateagora.aula",
  "pk": 344,
  "fields": {
    "empresa": 1,
    "aluno": 12,
    "cavalo": 2,
    "instrutor": 5,
    "data_hora": "2026-02-19T14:00:00Z",
    "local": "picadeiro_2",
    "tipo": "NORMAL",
    "concluida": true,
    "relatorio_treino": ""
  }
},
{
  "model": "gateagora.aula",
  "pk": 346,
  "fields": {
    "empresa": 1,
    "aluno": 12,
    "cavalo": 32,
    "instrutor": 5,
    "data_hora": "2026-02-19T18:30:00Z",
    "local": "picadeiro_1",
    "tipo": "NORMAL",
    "concluida": true,
    "relatorio_treino": ""
  }
},
{
  "model": "gateagora.aula",
  "pk": 343,
  "fields": {
    "empresa": 1,
    "aluno": 3,
    "cavalo": 28,
    "instrutor": 5,
    "data_hora": "2026-02-19T20:00:00Z",
    "local": "pista_salto",
    "tipo": "NORMAL",
    "concluida": true,
    "relatorio_treino": ""
  }
},
{
  "model": "gateagora.aula",
  "pk": 349,
  "fields": {
    "empresa": 1,
    "aluno": 12,
    "cavalo": 9,
    "instrutor": 5,
    "data_hora": "2026-02-20T11:00:00Z",
    "local": "pista_salto",
    "tipo": "NORMAL",
    "concluida": true,
    "relatorio_treino": ""
  }
},
{
  "model": "gateagora.aula",
  "pk": 348,
  "fields": {
    "empresa": 1,
    "aluno": 15,
    "cavalo": 3,
    "instrutor": 5,
    "data_hora": "2026-02-20T14:00:00Z",
    "local": "pista_salto",
    "tipo": "NORMAL",
    "concluida": true,
    "relatorio_treino": ""
  }
},
{
  "model": "gateagora.aula",
  "pk": 354,
  "fields": {
    "empresa": 1,
    "aluno": 14,
    "cavalo": 15,
    "instrutor": 5,
    "data_hora": "2026-02-21T11:00:00Z",
    "local": "pista_salto",
    "tipo": "NORMAL",
    "concluida": true,
    "relatorio_treino": ""
  }
},
{
  "model": "gateagora.aula",
  "pk": 350,
  "fields": {
    "empresa": 1,
    "aluno": 4,
    "cavalo": 29,
    "instrutor": 5,
    "data_hora": "2026-02-21T12:30:00Z",
    "local": "picadeiro_1",
    "tipo": "NORMAL",
    "concluida": true,
    "relatorio_treino": ""
  }
},
{
  "model": "gateagora.aula",
  "pk": 353,
  "fields": {
    "empresa": 1,
    "aluno": 2,
    "cavalo": 19,
    "instrutor": 5,
    "data_hora": "2026-02-21T14:00:00Z",
    "local": "pista_salto",
    "tipo": "NORMAL",
    "concluida": true,
    "relatorio_treino": ""
  }
},
{
  "model": "gateagora.aula",
  "pk": 352,
  "fields": {
    "empresa": 1,
    "aluno": 4,
    "cavalo": 16,
    "instrutor": 5,
    "data_hora": "2026-02-21T18:30:00Z",
    "local": "picadeiro_2",
    "tipo": "NORMAL",
    "concluida": true,
    "relatorio_treino": ""
  }
},
{
  "model": "gateagora.aula",
  "pk": 351,
  "fields": {
    "empresa": 1,
    "aluno": 13,
    "cavalo": 24,
    "instrutor": 5,
    "data_hora": "2026-02-21T20:00:00Z",
    "local": "pista_salto",
    "tipo": "NORMAL",
    "concluida": true,
    "relatorio_treino": ""
  }
},
{
  "model": "gateagora.aula",
  "pk": 357,
  "fields": {
    "empresa": 1,
    "aluno": 15,
    "cavalo": 27,
    "instrutor": 5,
    "data_hora": "2026-02-23T12:30:00Z",
    "local": "picadeiro_1",
    "tipo": "NORMAL",
    "concluida": true,
    "relatorio_treino": ""
  }
},
{
  "model": "gateagora.aula",
  "pk": 355,
  "fields": {
    "empresa": 1,
    "aluno": 12,
    "cavalo": 29,
    "instrutor": 5,
    "data_hora": "2026-02-23T14:00:00Z",
    "local": "picadeiro_2",
    "tipo": "NORMAL",
    "concluida": true,
    "relatorio_treino": ""
  }
},
{
  "model": "gateagora.aula",
  "pk": 356,
  "fields": {
    "empresa": 1,
    "aluno": 11,
    "cavalo": 25,
    "instrutor": 5,
    "data_hora": "2026-02-23T17:00:00Z",
    "local": "pista_salto",
    "tipo": "NORMAL",
    "concluida": true,
    "relatorio_treino": ""
  }
},
{
  "model": "gateagora.aula",
  "pk": 359,
  "fields": {
    "empresa": 1,
    "aluno": 15,
    "cavalo": 7,
    "instrutor": 5,
    "data_hora": "2026-02-24T12:30:00Z",
    "local": "pista_salto",
    "tipo": "NORMAL",
    "concluida": true,
    "relatorio_treino": ""
  }
},
{
  "model": "gateagora.aula",
  "pk": 360,
  "fields": {
    "empresa": 1,
    "aluno": 15,
    "cavalo": 8,
    "instrutor": 5,
    "data_hora": "2026-02-24T14:00:00Z",
    "local": "picadeiro_2",
    "tipo": "NORMAL",
    "concluida": true,
    "relatorio_treino": ""
  }
},
{
  "model": "gateagora.aula",
  "pk": 358,
  "fields": {
    "empresa": 1,
    "aluno": 7,
    "cavalo": 31,
    "instrutor": 5,
    "data_hora": "2026-02-24T18:30:00Z",
    "local": "picadeiro_2",
    "tipo": "NORMAL",
    "concluida": true,
    "relatorio_treino": ""
  }
},
{
  "model": "gateagora.aula",
  "pk": 361,
  "fields": {
    "empresa": 1,
    "aluno": 14,
    "cavalo": 10,
    "instrutor": 5,
    "data_hora": "2026-02-25T12:30:00Z",
    "local": "picadeiro_2",
    "tipo": "NORMAL",
    "concluida": true,
    "relatorio_treino": ""
  }
},
{
  "model": "gateagora.aula",
  "pk": 362,
  "fields": {
    "empresa": 1,
    "aluno": 8,
    "cavalo": 15,
    "instrutor": 5,
    "data_hora": "2026-02-25T14:00:00Z",
    "local": "picadeiro_2",
    "tipo": "NORMAL",
    "concluida": true,
    "relatorio_treino": ""
  }
},
{
  "model": "gateagora.aula",
  "pk": 363,
  "fields": {
    "empresa": 1,
    "aluno": 15,
    "cavalo": 24,
    "instrutor": 5,
    "data_hora": "2026-02-26T11:00:00Z",
    "local": "picadeiro_1",
    "tipo": "NORMAL",
    "concluida": true,
    "relatorio_treino": ""
  }
},
{
  "model": "gateagora.aula",
  "pk": 366,
  "fields": {
    "empresa": 1,
    "aluno": 8,
    "cavalo": 22,
    "instrutor": 5,
    "data_hora": "2026-02-26T12:30:00Z",
    "local": "picadeiro_1",
    "tipo": "NORMAL",
    "concluida": true,
    "relatorio_treino": ""
  }
},
{
  "model": "gateagora.aula",
  "pk": 364,
  "fields": {
    "empresa": 1,
    "aluno": 13,
    "cavalo": 6,
    "instrutor": 5,
    "data_hora": "2026-02-26T17:00:00Z",
    "local": "picadeiro_2",
    "tipo": "NORMAL",
    "concluida": true,
    "relatorio_treino": ""
  }
},
{
  "model": "gateagora.aula",
  "pk": 365,
  "fields": {
    "empresa": 1,
    "aluno": 10,
    "cavalo": 2,
    "instrutor": 5,
    "data_hora": "2026-02-26T20:00:00Z",
    "local": "picadeiro_2",
    "tipo": "NORMAL",
    "concluida": true,
    "relatorio_treino": ""
  }
},
{
  "model": "gateagora.aula",
  "pk": 367,
  "fields": {
    "empresa": 1,
    "aluno": 4,
    "cavalo": 9,
    "instrutor": 5,
    "data_hora": "2026-02-27T11:00:00Z",
    "local": "pista_salto",
    "tipo": "NORMAL",
    "concluida": true,
    "relatorio_treino": ""
  }
},
{
  "model": "gateagora.aula",
  "pk": 368,
  "fields": {
    "empresa": 1,
    "aluno": 14,
    "cavalo": 29,
    "instrutor": 5,
    "data_hora": "2026-02-27T14:00:00Z",
    "local": "pista_salto",
    "tipo": "NORMAL",
    "concluida": true,
    "relatorio_treino": ""
  }
},
{
  "model": "gateagora.aula",
  "pk": 369,
  "fields": {
    "empresa": 1,
    "aluno": 7,
    "cavalo": 6,
    "instrutor": 5,
    "data_hora": "2026-02-27T17:00:00Z",
    "local": "picadeiro_1",
    "tipo": "NORMAL",
    "concluida": true,
    "relatorio_treino": ""
  }
},
{
  "model": "gateagora.aula",
  "pk": 373,
  "fields": {
    "empresa": 1,
    "aluno": 8,
    "cavalo": 32,
    "instrutor": 5,
    "data_hora": "2026-02-28T11:00:00Z",
    "local": "pista_salto",
    "tipo": "NORMAL",
    "concluida": true,
    "relatorio_treino": ""
  }
},
{
  "model": "gateagora.aula",
  "pk": 370,
  "fields": {
    "empresa": 1,
    "aluno": 11,
    "cavalo": 16,
    "instrutor": 5,
    "data_hora": "2026-02-28T12:30:00Z",
    "local": "picadeiro_2",
    "tipo": "NORMAL",
    "concluida": true,
    "relatorio_treino": ""
  }
},
{
  "model": "gateagora.aula",
  "pk": 372,
  "fields": {
    "empresa": 1,
    "aluno": 13,
    "cavalo": 30,
    "instrutor": 5,
    "data_hora": "2026-02-28T17:00:00Z",
    "local": "picadeiro_1",
    "tipo": "NORMAL",
    "concluida": true,
    "relatorio_treino": ""
  }
},
{
  "model": "gateagora.aula",
  "pk": 371,
  "fields": {
    "empresa": 1,
    "aluno": 8,
    "cavalo": 4,
    "instrutor": 5,
    "data_hora": "2026-02-28T20:00:00Z",
    "local": "picadeiro_1",
    "tipo": "NORMAL",
    "concluida": true,
    "relatorio_treino": ""
  }
},
{
  "model": "gateagora.aula",
  "pk": 375,
  "fields": {
    "empresa": 1,
    "aluno": 9,
    "cavalo": 19,
    "instrutor": 5,
    "data_hora": "2026-03-02T18:30:00Z",
    "local": "picadeiro_2",
    "tipo": "NORMAL",
    "concluida": true,
    "relatorio_treino": ""
  }
},
{
  "model": "gateagora.aula",
  "pk": 374,
  "fields": {
    "empresa": 1,
    "aluno": 2,
    "cavalo": 16,
    "instrutor": 5,
    "data_hora": "2026-03-02T20:00:00Z",
    "local": "pista_salto",
    "tipo": "NORMAL",
    "concluida": true,
    "relatorio_treino": ""
  }
},
{
  "model": "gateagora.aula",
  "pk": 377,
  "fields": {
    "empresa": 1,
    "aluno": 3,
    "cavalo": 6,
    "instrutor": 5,
    "data_hora": "2026-03-03T14:00:00Z",
    "local": "pista_salto",
    "tipo": "NORMAL",
    "concluida": true,
    "relatorio_treino": ""
  }
},
{
  "model": "gateagora.aula",
  "pk": 376,
  "fields": {
    "empresa": 1,
    "aluno": 10,
    "cavalo": 27,
    "instrutor": 5,
    "data_hora": "2026-03-03T18:30:00Z",
    "local": "picadeiro_1",
    "tipo": "NORMAL",
    "concluida": true,
    "relatorio_treino": ""
  }
},
{
  "model": "gateagora.aula",
  "pk": 378,
  "fields": {
    "empresa": 1,
    "aluno": 14,
    "cavalo": 3,
    "instrutor": 5,
    "data_hora": "2026-03-04T11:00:00Z",
    "local": "pista_salto",
    "tipo": "NORMAL",
    "concluida": true,
    "relatorio_treino": ""
  }
},
{
  "model": "gateagora.aula",
  "pk": 381,
  "fields": {
    "empresa": 1,
    "aluno": 8,
    "cavalo": 23,
    "instrutor": 5,
    "data_hora": "2026-03-04T12:30:00Z",
    "local": "picadeiro_1",
    "tipo": "NORMAL",
    "concluida": true,
    "relatorio_treino": ""
  }
},
{
  "model": "gateagora.aula",
  "pk": 379,
  "fields": {
    "empresa": 1,
    "aluno": 13,
    "cavalo": 24,
    "instrutor": 5,
    "data_hora": "2026-03-04T18:30:00Z",
    "local": "picadeiro_2",
    "tipo": "NORMAL",
    "concluida": true,
    "relatorio_treino": ""
  }
},
{
  "model": "gateagora.aula",
  "pk": 380,
  "fields": {
    "empresa": 1,
    "aluno": 4,
    "cavalo": 2,
    "instrutor": 5,
    "data_hora": "2026-03-04T20:00:00Z",
    "local": "picadeiro_2",
    "tipo": "NORMAL",
    "concluida": true,
    "relatorio_treino": ""
  }
},
{
  "model": "gateagora.aula",
  "pk": 383,
  "fields": {
    "empresa": 1,
    "aluno": 15,
    "cavalo": 22,
    "instrutor": 5,
    "data_hora": "2026-03-05T14:00:00Z",
    "local": "pista_salto",
    "tipo": "NORMAL",
    "concluida": true,
    "relatorio_treino": ""
  }
},
{
  "model": "gateagora.aula",
  "pk": 382,
  "fields": {
    "empresa": 1,
    "aluno": 9,
    "cavalo": 3,
    "instrutor": 5,
    "data_hora": "2026-03-05T18:30:00Z",
    "local": "picadeiro_2",
    "tipo": "NORMAL",
    "concluida": true,
    "relatorio_treino": ""
  }
},
{
  "model": "gateagora.aula",
  "pk": 385,
  "fields": {
    "empresa": 1,
    "aluno": 8,
    "cavalo": 30,
    "instrutor": 5,
    "data_hora": "2026-03-06T17:00:00Z",
    "local": "picadeiro_1",
    "tipo": "NORMAL",
    "concluida": true,
    "relatorio_treino": ""
  }
},
{
  "model": "gateagora.aula",
  "pk": 386,
  "fields": {
    "empresa": 1,
    "aluno": 11,
    "cavalo": 13,
    "instrutor": 5,
    "data_hora": "2026-03-06T18:30:00Z",
    "local": "picadeiro_1",
    "tipo": "NORMAL",
    "concluida": true,
    "relatorio_treino": ""
  }
},
{
  "model": "gateagora.aula",
  "pk": 384,
  "fields": {
    "empresa": 1,
    "aluno": 3,
    "cavalo": 12,
    "instrutor": 5,
    "data_hora": "2026-03-06T20:00:00Z",
    "local": "picadeiro_1",
    "tipo": "NORMAL",
    "concluida": true,
    "relatorio_treino": ""
  }
},
{
  "model": "gateagora.aula",
  "pk": 387,
  "fields": {
    "empresa": 1,
    "aluno": 15,
    "cavalo": 26,
    "instrutor": 5,
    "data_hora": "2026-03-07T11:00:00Z",
    "local": "pista_salto",
    "tipo": "NORMAL",
    "concluida": true,
    "relatorio_treino": ""
  }
},
{
  "model": "gateagora.aula",
  "pk": 388,
  "fields": {
    "empresa": 1,
    "aluno": 14,
    "cavalo": 17,
    "instrutor": 5,
    "data_hora": "2026-03-07T14:00:00Z",
    "local": "picadeiro_1",
    "tipo": "NORMAL",
    "concluida": true,
    "relatorio_treino": ""
  }
},
{
  "model": "gateagora.aula",
  "pk": 389,
  "fields": {
    "empresa": 1,
    "aluno": 3,
    "cavalo": 13,
    "instrutor": 5,
    "data_hora": "2026-03-07T18:30:00Z",
    "local": "picadeiro_2",
    "tipo": "NORMAL",
    "concluida": true,
    "relatorio_treino": ""
  }
},
{
  "model": "gateagora.aula",
  "pk": 390,
  "fields": {
    "empresa": 1,
    "aluno": 12,
    "cavalo": 28,
    "instrutor": 5,
    "data_hora": "2026-03-09T11:00:00Z",
    "local": "picadeiro_2",
    "tipo": "NORMAL",
    "concluida": false,
    "relatorio_treino": ""
  }
},
{
  "model": "gateagora.aula",
  "pk": 391,
  "fields": {
    "empresa": 1,
    "aluno": 4,
    "cavalo": 29,
    "instrutor": 5,
    "data_hora": "2026-03-09T14:00:00Z",
    "local": "picadeiro_2",
    "tipo": "NORMAL",
    "concluida": false,
    "relatorio_treino": ""
  }
},
{
  "model": "gateagora.aula",
  "pk": 392,
  "fields": {
    "empresa": 1,
    "aluno": 12,
    "cavalo": 12,
    "instrutor": 5,
    "data_hora": "2026-03-09T18:30:00Z",
    "local": "picadeiro_2",
    "tipo": "NORMAL",
    "concluida": false,
    "relatorio_treino": ""
  }
},
{
  "model": "gateagora.aula",
  "pk": 393,
  "fields": {
    "empresa": 1,
    "aluno": 4,
    "cavalo": 32,
    "instrutor": 5,
    "data_hora": "2026-03-09T20:00:00Z",
    "local": "picadeiro_2",
    "tipo": "NORMAL",
    "concluida": false,
    "relatorio_treino": ""
  }
},
{
  "model": "gateagora.aula",
  "pk": 394,
  "fields": {
    "empresa": 1,
    "aluno": 2,
    "cavalo": 12,
    "instrutor": 5,
    "data_hora": "2026-03-10T11:00:00Z",
    "local": "pista_salto",
    "tipo": "NORMAL",
    "concluida": true,
    "relatorio_treino": ""
  }
},
{
  "model": "gateagora.aula",
  "pk": 397,
  "fields": {
    "empresa": 1,
    "aluno": 11,
    "cavalo": 20,
    "instrutor": 5,
    "data_hora": "2026-03-10T12:30:00Z",
    "local": "picadeiro_2",
    "tipo": "NORMAL",
    "concluida": true,
    "relatorio_treino": ""
  }
},
{
  "model": "gateagora.aula",
  "pk": 395,
  "fields": {
    "empresa": 1,
    "aluno": 11,
    "cavalo": 21,
    "instrutor": 5,
    "data_hora": "2026-03-10T17:00:00Z",
    "local": "picadeiro_1",
    "tipo": "NORMAL",
    "concluida": false,
    "relatorio_treino": ""
  }
},
{
  "model": "gateagora.aula",
  "pk": 396,
  "fields": {
    "empresa": 1,
    "aluno": 8,
    "cavalo": 21,
    "instrutor": 5,
    "data_hora": "2026-03-10T20:00:00Z",
    "local": "pista_salto",
    "tipo": "NORMAL",
    "concluida": false,
    "relatorio_treino": ""
  }
},
{
  "model": "gateagora.aula",
  "pk": 402,
  "fields": {
    "empresa": 1,
    "aluno": 15,
    "cavalo": 11,
    "instrutor": 5,
    "data_hora": "2026-03-11T11:00:00Z",
    "local": "picadeiro_1",
    "tipo": "NORMAL",
    "concluida": false,
    "relatorio_treino": ""
  }
},
{
  "model": "gateagora.aula",
  "pk": 398,
  "fields": {
    "empresa": 1,
    "aluno": 4,
    "cavalo": 23,
    "instrutor": 5,
    "data_hora": "2026-03-11T12:30:00Z",
    "local": "pista_salto",
    "tipo": "NORMAL",
    "concluida": false,
    "relatorio_treino": ""
  }
},
{
  "model": "gateagora.aula",
  "pk": 400,
  "fields": {
    "empresa": 1,
    "aluno": 7,
    "cavalo": 5,
    "instrutor": 5,
    "data_hora": "2026-03-11T14:00:00Z",
    "local": "pista_salto",
    "tipo": "NORMAL",
    "concluida": false,
    "relatorio_treino": ""
  }
},
{
  "model": "gateagora.aula",
  "pk": 399,
  "fields": {
    "empresa": 1,
    "aluno": 13,
    "cavalo": 18,
    "instrutor": 5,
    "data_hora": "2026-03-11T17:00:00Z",
    "local": "pista_salto",
    "tipo": "NORMAL",
    "concluida": false,
    "relatorio_treino": ""
  }
},
{
  "model": "gateagora.aula",
  "pk": 401,
  "fields": {
    "empresa": 1,
    "aluno": 3,
    "cavalo": 26,
    "instrutor": 5,
    "data_hora": "2026-03-11T20:00:00Z",
    "local": "picadeiro_2",
    "tipo": "NORMAL",
    "concluida": false,
    "relatorio_treino": ""
  }
},
{
  "model": "gateagora.aula",
  "pk": 405,
  "fields": {
    "empresa": 1,
    "aluno": 13,
    "cavalo": 3,
    "instrutor": 5,
    "data_hora": "2026-03-12T11:00:00Z",
    "local": "pista_salto",
    "tipo": "NORMAL",
    "concluida": false,
    "relatorio_treino": ""
  }
},
{
  "model": "gateagora.aula",
  "pk": 404,
  "fields": {
    "empresa": 1,
    "aluno": 3,
    "cavalo": 24,
    "instrutor": 5,
    "data_hora": "2026-03-12T17:00:00Z",
    "local": "picadeiro_2",
    "tipo": "NORMAL",
    "concluida": false,
    "relatorio_treino": ""
  }
},
{
  "model": "gateagora.aula",
  "pk": 403,
  "fields": {
    "empresa": 1,
    "aluno": 9,
    "cavalo": 5,
    "instrutor": 5,
    "data_hora": "2026-03-12T18:30:00Z",
    "local": "picadeiro_1",
    "tipo": "NORMAL",
    "concluida": false,
    "relatorio_treino": ""
  }
},
{
  "model": "gateagora.aula",
  "pk": 408,
  "fields": {
    "empresa": 1,
    "aluno": 12,
    "cavalo": 26,
    "instrutor": 5,
    "data_hora": "2026-03-13T14:00:00Z",
    "local": "picadeiro_2",
    "tipo": "NORMAL",
    "concluida": false,
    "relatorio_treino": ""
  }
},
{
  "model": "gateagora.aula",
  "pk": 407,
  "fields": {
    "empresa": 1,
    "aluno": 2,
    "cavalo": 9,
    "instrutor": 5,
    "data_hora": "2026-03-13T17:00:00Z",
    "local": "pista_salto",
    "tipo": "NORMAL",
    "concluida": false,
    "relatorio_treino": ""
  }
},
{
  "model": "gateagora.aula",
  "pk": 406,
  "fields": {
    "empresa": 1,
    "aluno": 12,
    "cavalo": 29,
    "instrutor": 5,
    "data_hora": "2026-03-13T20:00:00Z",
    "local": "picadeiro_1",
    "tipo": "NORMAL",
    "concluida": false,
    "relatorio_treino": ""
  }
},
{
  "model": "gateagora.aula",
  "pk": 410,
  "fields": {
    "empresa": 1,
    "aluno": 13,
    "cavalo": 8,
    "instrutor": 5,
    "data_hora": "2026-03-14T11:00:00Z",
    "local": "picadeiro_2",
    "tipo": "NORMAL",
    "concluida": false,
    "relatorio_treino": ""
  }
},
{
  "model": "gateagora.aula",
  "pk": 409,
  "fields": {
    "empresa": 1,
    "aluno": 9,
    "cavalo": 32,
    "instrutor": 5,
    "data_hora": "2026-03-14T12:30:00Z",
    "local": "pista_salto",
    "tipo": "NORMAL",
    "concluida": false,
    "relatorio_treino": ""
  }
},
{
  "model": "gateagora.aula",
  "pk": 412,
  "fields": {
    "empresa": 1,
    "aluno": 2,
    "cavalo": 19,
    "instrutor": 5,
    "data_hora": "2026-03-14T14:00:00Z",
    "local": "pista_salto",
    "tipo": "NORMAL",
    "concluida": false,
    "relatorio_treino": ""
  }
},
{
  "model": "gateagora.aula",
  "pk": 411,
  "fields": {
    "empresa": 1,
    "aluno": 11,
    "cavalo": 29,
    "instrutor": 5,
    "data_hora": "2026-03-14T18:30:00Z",
    "local": "picadeiro_1",
    "tipo": "NORMAL",
    "concluida": false,
    "relatorio_treino": ""
  }
},
{
  "model": "gateagora.aula",
  "pk": 414,
  "fields": {
    "empresa": 1,
    "aluno": 3,
    "cavalo": 21,
    "instrutor": 5,
    "data_hora": "2026-03-16T11:00:00Z",
    "local": "pista_salto",
    "tipo": "NORMAL",
    "concluida": false,
    "relatorio_treino": ""
  }
},
{
  "model": "gateagora.aula",
  "pk": 413,
  "fields": {
    "empresa": 1,
    "aluno": 9,
    "cavalo": 29,
    "instrutor": 5,
    "data_hora": "2026-03-16T12:30:00Z",
    "local": "picadeiro_1",
    "tipo": "NORMAL",
    "concluida": true,
    "relatorio_treino": ""
  }
},
{
  "model": "gateagora.aula",
  "pk": 417,
  "fields": {
    "empresa": 1,
    "aluno": 9,
    "cavalo": 12,
    "instrutor": 5,
    "data_hora": "2026-03-16T17:00:00Z",
    "local": "picadeiro_2",
    "tipo": "NORMAL",
    "concluida": false,
    "relatorio_treino": ""
  }
},
{
  "model": "gateagora.aula",
  "pk": 416,
  "fields": {
    "empresa": 1,
    "aluno": 15,
    "cavalo": 19,
    "instrutor": 5,
    "data_hora": "2026-03-16T18:30:00Z",
    "local": "picadeiro_2",
    "tipo": "NORMAL",
    "concluida": false,
    "relatorio_treino": ""
  }
},
{
  "model": "gateagora.aula",
  "pk": 415,
  "fields": {
    "empresa": 1,
    "aluno": 12,
    "cavalo": 5,
    "instrutor": 5,
    "data_hora": "2026-03-16T20:00:00Z",
    "local": "pista_salto",
    "tipo": "NORMAL",
    "concluida": false,
    "relatorio_treino": ""
  }
},
{
  "model": "gateagora.aula",
  "pk": 418,
  "fields": {
    "empresa": 1,
    "aluno": 10,
    "cavalo": 32,
    "instrutor": 5,
    "data_hora": "2026-03-17T11:00:00Z",
    "local": "picadeiro_1",
    "tipo": "NORMAL",
    "concluida": false,
    "relatorio_treino": ""
  }
},
{
  "model": "gateagora.aula",
  "pk": 419,
  "fields": {
    "empresa": 1,
    "aluno": 12,
    "cavalo": 24,
    "instrutor": 5,
    "data_hora": "2026-03-17T12:30:00Z",
    "local": "picadeiro_2",
    "tipo": "NORMAL",
    "concluida": false,
    "relatorio_treino": ""
  }
},
{
  "model": "gateagora.aula",
  "pk": 420,
  "fields": {
    "empresa": 1,
    "aluno": 15,
    "cavalo": 9,
    "instrutor": 5,
    "data_hora": "2026-03-17T18:30:00Z",
    "local": "pista_salto",
    "tipo": "NORMAL",
    "concluida": false,
    "relatorio_treino": ""
  }
},
{
  "model": "gateagora.aula",
  "pk": 421,
  "fields": {
    "empresa": 1,
    "aluno": 13,
    "cavalo": 31,
    "instrutor": 5,
    "data_hora": "2026-03-18T11:00:00Z",
    "local": "pista_salto",
    "tipo": "NORMAL",
    "concluida": false,
    "relatorio_treino": ""
  }
},
{
  "model": "gateagora.aula",
  "pk": 422,
  "fields": {
    "empresa": 1,
    "aluno": 13,
    "cavalo": 27,
    "instrutor": 5,
    "data_hora": "2026-03-18T14:00:00Z",
    "local": "pista_salto",
    "tipo": "NORMAL",
    "concluida": false,
    "relatorio_treino": ""
  }
},
{
  "model": "gateagora.aula",
  "pk": 423,
  "fields": {
    "empresa": 1,
    "aluno": 3,
    "cavalo": 5,
    "instrutor": 5,
    "data_hora": "2026-03-19T12:30:00Z",
    "local": "picadeiro_2",
    "tipo": "NORMAL",
    "concluida": false,
    "relatorio_treino": ""
  }
},
{
  "model": "gateagora.aula",
  "pk": 424,
  "fields": {
    "empresa": 1,
    "aluno": 14,
    "cavalo": 23,
    "instrutor": 5,
    "data_hora": "2026-03-19T14:00:00Z",
    "local": "picadeiro_1",
    "tipo": "NORMAL",
    "concluida": false,
    "relatorio_treino": ""
  }
},
{
  "model": "gateagora.aula",
  "pk": 427,
  "fields": {
    "empresa": 1,
    "aluno": 4,
    "cavalo": 15,
    "instrutor": 5,
    "data_hora": "2026-03-20T11:00:00Z",
    "local": "picadeiro_2",
    "tipo": "NORMAL",
    "concluida": true,
    "relatorio_treino": ""
  }
},
{
  "model": "gateagora.aula",
  "pk": 425,
  "fields": {
    "empresa": 1,
    "aluno": 8,
    "cavalo": 10,
    "instrutor": 5,
    "data_hora": "2026-03-20T12:30:00Z",
    "local": "picadeiro_2",
    "tipo": "NORMAL",
    "concluida": false,
    "relatorio_treino": ""
  }
},
{
  "model": "gateagora.aula",
  "pk": 426,
  "fields": {
    "empresa": 1,
    "aluno": 9,
    "cavalo": 11,
    "instrutor": 5,
    "data_hora": "2026-03-20T17:00:00Z",
    "local": "picadeiro_2",
    "tipo": "NORMAL",
    "concluida": false,
    "relatorio_treino": ""
  }
},
{
  "model": "gateagora.aula",
  "pk": 428,
  "fields": {
    "empresa": 1,
    "aluno": 15,
    "cavalo": 18,
    "instrutor": 5,
    "data_hora": "2026-03-21T11:00:00Z",
    "local": "picadeiro_1",
    "tipo": "NORMAL",
    "concluida": false,
    "relatorio_treino": ""
  }
},
{
  "model": "gateagora.aula",
  "pk": 430,
  "fields": {
    "empresa": 1,
    "aluno": 15,
    "cavalo": 6,
    "instrutor": 5,
    "data_hora": "2026-03-21T12:30:00Z",
    "local": "pista_salto",
    "tipo": "NORMAL",
    "concluida": false,
    "relatorio_treino": ""
  }
},
{
  "model": "gateagora.aula",
  "pk": 429,
  "fields": {
    "empresa": 1,
    "aluno": 3,
    "cavalo": 20,
    "instrutor": 5,
    "data_hora": "2026-03-21T14:00:00Z",
    "local": "pista_salto",
    "tipo": "NORMAL",
    "concluida": false,
    "relatorio_treino": ""
  }
},
{
  "model": "gateagora.aula",
  "pk": 431,
  "fields": {
    "empresa": 1,
    "aluno": 3,
    "cavalo": 11,
    "instrutor": 5,
    "data_hora": "2026-03-21T18:30:00Z",
    "local": "pista_salto",
    "tipo": "NORMAL",
    "concluida": false,
    "relatorio_treino": ""
  }
},
{
  "model": "gateagora.aula",
  "pk": 432,
  "fields": {
    "empresa": 1,
    "aluno": 2,
    "cavalo": 3,
    "instrutor": 5,
    "data_hora": "2026-03-23T12:30:00Z",
    "local": "picadeiro_1",
    "tipo": "NORMAL",
    "concluida": false,
    "relatorio_treino": ""
  }
},
{
  "model": "gateagora.aula",
  "pk": 434,
  "fields": {
    "empresa": 1,
    "aluno": 2,
    "cavalo": 17,
    "instrutor": 5,
    "data_hora": "2026-03-23T14:00:00Z",
    "local": "pista_salto",
    "tipo": "NORMAL",
    "concluida": false,
    "relatorio_treino": ""
  }
},
{
  "model": "gateagora.aula",
  "pk": 433,
  "fields": {
    "empresa": 1,
    "aluno": 8,
    "cavalo": 3,
    "instrutor": 5,
    "data_hora": "2026-03-23T18:30:00Z",
    "local": "pista_salto",
    "tipo": "NORMAL",
    "concluida": false,
    "relatorio_treino": ""
  }
},
{
  "model": "gateagora.aula",
  "pk": 437,
  "fields": {
    "empresa": 1,
    "aluno": 3,
    "cavalo": 26,
    "instrutor": 5,
    "data_hora": "2026-03-24T11:00:00Z",
    "local": "picadeiro_2",
    "tipo": "NORMAL",
    "concluida": false,
    "relatorio_treino": ""
  }
},
{
  "model": "gateagora.aula",
  "pk": 436,
  "fields": {
    "empresa": 1,
    "aluno": 11,
    "cavalo": 31,
    "instrutor": 5,
    "data_hora": "2026-03-24T17:00:00Z",
    "local": "picadeiro_1",
    "tipo": "NORMAL",
    "concluida": false,
    "relatorio_treino": ""
  }
},
{
  "model": "gateagora.aula",
  "pk": 435,
  "fields": {
    "empresa": 1,
    "aluno": 14,
    "cavalo": 19,
    "instrutor": 5,
    "data_hora": "2026-03-24T18:30:00Z",
    "local": "pista_salto",
    "tipo": "NORMAL",
    "concluida": false,
    "relatorio_treino": ""
  }
},
{
  "model": "gateagora.aula",
  "pk": 438,
  "fields": {
    "empresa": 1,
    "aluno": 14,
    "cavalo": 30,
    "instrutor": 5,
    "data_hora": "2026-03-25T11:00:00Z",
    "local": "picadeiro_1",
    "tipo": "NORMAL",
    "concluida": false,
    "relatorio_treino": ""
  }
},
{
  "model": "gateagora.aula",
  "pk": 440,
  "fields": {
    "empresa": 1,
    "aluno": 4,
    "cavalo": 21,
    "instrutor": 5,
    "data_hora": "2026-03-25T12:30:00Z",
    "local": "pista_salto",
    "tipo": "NORMAL",
    "concluida": false,
    "relatorio_treino": ""
  }
},
{
  "model": "gateagora.aula",
  "pk": 442,
  "fields": {
    "empresa": 1,
    "aluno": 12,
    "cavalo": 7,
    "instrutor": 5,
    "data_hora": "2026-03-25T14:00:00Z",
    "local": "picadeiro_2",
    "tipo": "NORMAL",
    "concluida": false,
    "relatorio_treino": ""
  }
},
{
  "model": "gateagora.aula",
  "pk": 441,
  "fields": {
    "empresa": 1,
    "aluno": 12,
    "cavalo": 26,
    "instrutor": 5,
    "data_hora": "2026-03-25T17:00:00Z",
    "local": "picadeiro_1",
    "tipo": "NORMAL",
    "concluida": false,
    "relatorio_treino": ""
  }
},
{
  "model": "gateagora.aula",
  "pk": 439,
  "fields": {
    "empresa": 1,
    "aluno": 12,
    "cavalo": 10,
    "instrutor": 5,
    "data_hora": "2026-03-25T20:00:00Z",
    "local": "picadeiro_2",
    "tipo": "NORMAL",
    "concluida": false,
    "relatorio_treino": ""
  }
},
{
  "model": "gateagora.aula",
  "pk": 444,
  "fields": {
    "empresa": 1,
    "aluno": 8,
    "cavalo": 4,
    "instrutor": 5,
    "data_hora": "2026-03-26T11:00:00Z",
    "local": "picadeiro_2",
    "tipo": "NORMAL",
    "concluida": false,
    "relatorio_treino": ""
  }
},
{
  "model": "gateagora.aula",
  "pk": 445,
  "fields": {
    "empresa": 1,
    "aluno": 13,
    "cavalo": 27,
    "instrutor": 5,
    "data_hora": "2026-03-26T14:00:00Z",
    "local": "picadeiro_1",
    "tipo": "NORMAL",
    "concluida": false,
    "relatorio_treino": ""
  }
},
{
  "model": "gateagora.aula",
  "pk": 443,
  "fields": {
    "empresa": 1,
    "aluno": 14,
    "cavalo": 16,
    "instrutor": 5,
    "data_hora": "2026-03-26T17:00:00Z",
    "local": "picadeiro_1",
    "tipo": "NORMAL",
    "concluida": false,
    "relatorio_treino": ""
  }
},
{
  "model": "gateagora.aula",
  "pk": 446,
  "fields": {
    "empresa": 1,
    "aluno": 10,
    "cavalo": 11,
    "instrutor": 5,
    "data_hora": "2026-03-27T14:00:00Z",
    "local": "picadeiro_2",
    "tipo": "NORMAL",
    "concluida": false,
    "relatorio_treino": ""
  }
},
{
  "model": "gateagora.aula",
  "pk": 447,
  "fields": {
    "empresa": 1,
    "aluno": 15,
    "cavalo": 30,
    "instrutor": 5,
    "data_hora": "2026-03-27T18:30:00Z",
    "local": "picadeiro_2",
    "tipo": "NORMAL",
    "concluida": false,
    "relatorio_treino": ""
  }
},
{
  "model": "gateagora.aula",
  "pk": 448,
  "fields": {
    "empresa": 1,
    "aluno": 11,
    "cavalo": 32,
    "instrutor": 5,
    "data_hora": "2026-03-27T20:00:00Z",
    "local": "picadeiro_1",
    "tipo": "NORMAL",
    "concluida": false,
    "relatorio_treino": ""
  }
},
{
  "model": "gateagora.aula",
  "pk": 449,
  "fields": {
    "empresa": 1,
    "aluno": 14,
    "cavalo": 16,
    "instrutor": 5,
    "data_hora": "2026-03-28T17:00:00Z",
    "local": "picadeiro_1",
    "tipo": "NORMAL",
    "concluida": false,
    "relatorio_treino": ""
  }
},
{
  "model": "gateagora.aula",
  "pk": 450,
  "fields": {
    "empresa": 1,
    "aluno": 2,
    "cavalo": 23,
    "instrutor": 5,
    "data_hora": "2026-03-28T18:30:00Z",
    "local": "picadeiro_1",
    "tipo": "NORMAL",
    "concluida": false,
    "relatorio_treino": ""
  }
},
{
  "model": "gateagora.aula",
  "pk": 451,
  "fields": {
    "empresa": 1,
    "aluno": 2,
    "cavalo": 31,
    "instrutor": 5,
    "data_hora": "2026-03-30T14:00:00Z",
    "local": "picadeiro_2",
    "tipo": "NORMAL",
    "concluida": false,
    "relatorio_treino": ""
  }
},
{
  "model": "gateagora.aula",
  "pk": 452,
  "fields": {
    "empresa": 1,
    "aluno": 15,
    "cavalo": 1,
    "instrutor": 5,
    "data_hora": "2026-03-30T17:00:00Z",
    "local": "picadeiro_1",
    "tipo": "NORMAL",
    "concluida": false,
    "relatorio_treino": ""
  }
},
{
  "model": "gateagora.itemestoque",
  "pk": 1,
  "fields": {
    "empresa": 1,
    "nome": "Ração Guabi Equi-S",
    "quantidade_atual": 4,
    "alerta_minimo": 5,
    "unidade": "Sacos",
    "fornecedor_contato": "5551991387872"
  }
},
{
  "model": "gateagora.itemestoque",
  "pk": 2,
  "fields": {
    "empresa": 1,
    "nome": "Feno Coast Cross",
    "quantidade_atual": 12,
    "alerta_minimo": 8,
    "unidade": "Fardos",
    "fornecedor_contato": ""
  }
},
{
  "model": "gateagora.itemestoque",
  "pk": 3,
  "fields": {
    "empresa": 1,
    "nome": "Sal Mineral",
    "quantidade_atual": 7,
    "alerta_minimo": 6,
    "unidade": "Sacos",
    "fornecedor_contato": ""
  }
},
{
  "model": "gateagora.movimentacaofinanceira",
  "pk": 1,
  "fields": {
    "empresa": 1,
    "descricao": "Receita 11/2025",
    "valor": "2941.00",
    "tipo": "Receita",
    "data": "2025-11-05"
  }
},
{
  "model": "gateagora.movimentacaofinanceira",
  "pk": 2,
  "fields": {
    "empresa": 1,
    "descricao": "Despesa 11/2025",
    "valor": "1268.00",
    "tipo": "Despesa",
    "data": "2025-11-18"
  }
},
{
  "model": "gateagora.movimentacaofinanceira",
  "pk": 3,
  "fields": {
    "empresa": 1,
    "descricao": "Receita 12/2025",
    "valor": "2770.00",
    "tipo": "Receita",
    "data": "2025-12-05"
  }
},
{
  "model": "gateagora.movimentacaofinanceira",
  "pk": 4,
  "fields": {
    "empresa": 1,
    "descricao": "Despesa 12/2025",
    "valor": "1572.00",
    "tipo": "Despesa",
    "data": "2025-12-18"
  }
},
{
  "model": "gateagora.movimentacaofinanceira",
  "pk": 5,
  "fields": {
    "empresa": 1,
    "descricao": "Receita 01/2026",
    "valor": "2874.00",
    "tipo": "Receita",
    "data": "2026-01-05"
  }
},
{
  "model": "gateagora.movimentacaofinanceira",
  "pk": 6,
  "fields": {
    "empresa": 1,
    "descricao": "Despesa 01/2026",
    "valor": "1591.00",
    "tipo": "Despesa",
    "data": "2026-01-18"
  }
},
{
  "model": "gateagora.movimentacaofinanceira",
  "pk": 7,
  "fields": {
    "empresa": 1,
    "descricao": "Receita 02/2026",
    "valor": "2912.00",
    "tipo": "Receita",
    "data": "2026-02-05"
  }
},
{
  "model": "gateagora.movimentacaofinanceira",
  "pk": 8,
  "fields": {
    "empresa": 1,
    "descricao": "Despesa 02/2026",
    "valor": "1387.00",
    "tipo": "Despesa",
    "data": "2026-02-18"
  }
},
{
  "model": "gateagora.movimentacaofinanceira",
  "pk": 9,
  "fields": {
    "empresa": 1,
    "descricao": "Receita 03/2026",
    "valor": "2546.00",
    "tipo": "Receita",
    "data": "2026-03-05"
  }
},
{
  "model": "gateagora.movimentacaofinanceira",
  "pk": 10,
  "fields": {
    "empresa": 1,
    "descricao": "Despesa 03/2026",
    "valor": "1405.00",
    "tipo": "Despesa",
    "data": "2026-03-18"
  }
},
{
  "model": "auth.user",
  "fields": {
    "password": "pbkdf2_sha256$1200000$DAiW6zURHqxi9k5YOJBclv$Dq1vqT8jxa61E8TFKgN0ZjvA8PqeVSZf+eME3rRDfPI=",
    "last_login": "2026-03-09T02:30:14.228Z",
    "is_superuser": true,
    "username": "Admin",
    "first_name": "",
    "last_name": "",
    "email": "gateagora@gmail.com",
    "is_staff": true,
    "is_active": true,
    "date_joined": "2026-03-09T02:18:22.320Z",
    "groups": [],
    "user_permissions": []
  }
},
{
  "model": "auth.user",
  "fields": {
    "password": "",
    "last_login": null,
    "is_superuser": false,
    "username": "admin4",
    "first_name": "",
    "last_name": "",
    "email": "gateagora@gmail.com",
    "is_staff": true,
    "is_active": true,
    "date_joined": "2026-03-09T02:18:24.045Z",
    "groups": [],
    "user_permissions": []
  }
},
{
  "model": "auth.user",
  "fields": {
    "password": "",
    "last_login": null,
    "is_superuser": false,
    "username": "alessandro_admin",
    "first_name": "",
    "last_name": "",
    "email": "alessandro@example.com",
    "is_staff": true,
    "is_active": true,
    "date_joined": "2026-03-09T02:18:24.071Z",
    "groups": [],
    "user_permissions": []
  }
},
{
  "model": "auth.user",
  "fields": {
    "password": "",
    "last_login": null,
    "is_superuser": false,
    "username": "gestor_hipica1",
    "first_name": "",
    "last_name": "",
    "email": "gestor@paredao.local",
    "is_staff": true,
    "is_active": true,
    "date_joined": "2026-03-09T02:18:24.098Z",
    "groups": [],
    "user_permissions": []
  }
},
{
  "model": "auth.user",
  "fields": {
    "password": "",
    "last_login": null,
    "is_superuser": false,
    "username": "professor_hipica1",
    "first_name": "",
    "last_name": "",
    "email": "prof@paredao.local",
    "is_staff": false,
    "is_active": true,
    "date_joined": "2026-03-09T02:18:24.125Z",
    "groups": [],
    "user_permissions": []
  }
}
]
